https://www.kaggle.com/thamagame/titanic-with-learning-curves,D://crw_data//df.apply\source14,titanic
https://www.kaggle.com/naropian/narnar-test,D://crw_data//df.apply\source40,house-prices-advanced-regression-techniques
https://www.kaggle.com/nbose2/tests,D://crw_data//df.apply\source41,house-prices-advanced-regression-techniques
https://www.kaggle.com/iviglious/teamysi-titanic-rf-a,D://crw_data//df.iloc\source55,titanic
https://www.kaggle.com/niladri18/usinng-logistic-regression,D://crw_data//df.ix\source4,expedia-hotel-recommendations
https://www.kaggle.com/kmalev/randomforest-alternative-coding-example,D://crw_data//df.join\source24,liberty-mutual-group-property-inspection-prediction
https://www.kaggle.com/poslegm/pca-svm-97-8-accuracy,D://crw_data//np.append\source28,digit-recognizer
https://www.kaggle.com/davideng/homeprices,D://crw_data//np.arange\source185,house-prices-advanced-regression-techniques
https://www.kaggle.com/justfor/bench-stacked-generalization,D://crw_data//np.arange\source248,liberty-mutual-group-property-inspection-prediction
https://www.kaggle.com/anuragupadhyaya/silly-silly-data,D://crw_data//np.array\source1033,sberbank-russian-housing-market
https://www.kaggle.com/carloshuertas/lol-tell-me-more,D://crw_data//np.array\source1035,sberbank-russian-housing-market
https://www.kaggle.com/oxofff/gini-scorer-cv-gridsearch,D://crw_data//np.array\source104,liberty-mutual-group-property-inspection-prediction
https://www.kaggle.com/jtlowery/silly-silly-data,D://crw_data//np.array\source1127,sberbank-russian-housing-market
https://www.kaggle.com/eponymous/weighted-models-example,D://crw_data//np.array\source1174,house-prices-advanced-regression-techniques
https://www.kaggle.com/ezyyyy/silly-silly-data,D://crw_data//np.array\source145,sberbank-russian-housing-market
https://www.kaggle.com/gunjaagarwal/final-xgboost-try,D://crw_data//np.array\source161,sberbank-russian-housing-market
https://www.kaggle.com/jasonbenner/ridge-regression-cv-tutorial,D://crw_data//np.array\source446,sberbank-russian-housing-market
https://www.kaggle.com/aharless/latest-iteration-in-this-silly-game,D://crw_data//np.array\source57,sberbank-russian-housing-market
https://www.kaggle.com/papadopc/neural-nets-and-address-featurization,D://crw_data//np.array\source892,sf-crime
https://www.kaggle.com/azeembootwala/titanic-logistic-regression,D://crw_data//np.hstack\source92,titanic
https://www.kaggle.com/ekethio/titanic-second,D://crw_data//np.zeros\source713,titanic
https://www.kaggle.com/pappukrjha/log-reg-auc-98795,D://crw_data//pd.concat\source171,jigsaw-toxic-comment-classification-challenge
https://www.kaggle.com/pappukrjha/rf-tfidf-word-char-lb-945,D://crw_data//pd.concat\source249,jigsaw-toxic-comment-classification-challenge
https://www.kaggle.com/maheshak04/xgb-with-select-macro-features-07062017,D://crw_data//pd.concat\source294,sberbank-russian-housing-market
https://www.kaggle.com/lesibius/naive-bayes-time-only,D://crw_data//pd.concat\source357,sf-crime
https://www.kaggle.com/unlikelybutpossible/scratch1,D://crw_data//pd.concat\source566,titanic
https://www.kaggle.com/vgerald/predict-claims-severity-v2,D://crw_data//pd.read_csv\source1047,allstate-claims-severity
https://www.kaggle.com/lesibius/time-only-sv,D://crw_data//pd.read_csv\source1523,sf-crime
https://www.kaggle.com/yuyimiao/miaoster,D://crw_data//pd.read_csv\source1549,sberbank-russian-housing-market
https://www.kaggle.com/jasonbenner/adaboost-basic,D://crw_data//pd.read_csv\source1592,sberbank-russian-housing-market
https://www.kaggle.com/jasonbenner/xgb-lets-try,D://crw_data//pd.read_csv\source1593,sberbank-russian-housing-market
https://www.kaggle.com/samadhi/preprocessdata,D://crw_data//pd.read_csv\source2226,shelter-animal-outcomes
https://www.kaggle.com/justinabel/prud-1,D://crw_data//pd.read_csv\source2507,prudential-life-insurance-assessment
https://www.kaggle.com/bhavesh09/removing-all-bad-values,D://crw_data//pd.read_csv\source3340,sberbank-russian-housing-market
https://www.kaggle.com/lolalola/miaowuwu,D://crw_data//pd.read_csv\source3517,sberbank-russian-housing-market
https://www.kaggle.com/alexxanderlarko/extratreesclassifier,D://crw_data//pd.read_csv\source3644,homesite-quote-conversion
https://www.kaggle.com/jasonbenner/lets-try-xgb10,D://crw_data//pd.read_csv\source3833,sberbank-russian-housing-market
https://www.kaggle.com/jasonbenner/xgb-lets-try-clean-2,D://crw_data//pd.read_csv\source3838,sberbank-russian-housing-market
https://www.kaggle.com/wonjohnchoi/pca-svm,D://crw_data//pd.read_csv\source680,digit-recognizer
https://www.kaggle.com/ceshine/pytorch-baseline-model,D://crw_data//df.fillna\source48,pubg-finish-placement-prediction
https://www.kaggle.com/vecxoz/test1,D://crw_data//df.iloc\source57,allstate-claims-severity
https://www.kaggle.com/dollardollar/importance-of-address-features,D://crw_data//df.iloc\source70,sf-crime
https://www.kaggle.com/vecxoz/vecstack-demo,D://crw_data//df.iloc\source81,allstate-claims-severity
https://www.kaggle.com/v81msk/test1,D://crw_data//df.iterrows\source18,sberbank-russian-housing-market
https://www.kaggle.com/wawanco/data-ownership-numeric-features,D://crw_data//df.apply\source23,springleaf-marketing-response
https://www.kaggle.com/nemethpeter42/osztalyozas,D://crw_data//df.apply\source56,grupo-bimbo-inventory-demand
https://www.kaggle.com/nemethpeter42/valami,D://crw_data//df.apply\source57,grupo-bimbo-inventory-demand
https://www.kaggle.com/sajal0jain/delme-1,D://crw_data//df.apply\source98,talkingdata-mobile-user-demographics
https://www.kaggle.com/cttsai/xgb-trial-oct-08,D://crw_data//df.fillna\source41,house-prices-advanced-regression-techniques
https://www.kaggle.com/rakhlin/abcde,D://crw_data//df.iloc\source23,flavours-of-physics
https://www.kaggle.com/willjashford/minst-willjashford,D://crw_data//df.iloc\source39,digit-recognizer
https://www.kaggle.com/lindenlu/linden-titanic-script,D://crw_data//df.iloc\source46,titanic
https://www.kaggle.com/nicehuster/xgboost-lassomodel,D://crw_data//df.join\source61,house-prices-advanced-regression-techniques
https://www.kaggle.com/b0untyhunter/xgboost-lasso,D://crw_data//df.join\source62,house-prices-advanced-regression-techniques
https://www.kaggle.com/prashantkikani/ensembling-has-always-been-the-answer,D://crw_data//df.loc\source10,santander-value-prediction-challenge
https://www.kaggle.com/journeycheng/script-py,D://crw_data//df.loc\source107,titanic
https://www.kaggle.com/sergioortiz/titanic-competition-script-1,D://crw_data//df.loc\source111,titanic
https://www.kaggle.com/bineetranjan/gbt-classification,D://crw_data//df.loc\source121,titanic
https://www.kaggle.com/haphamhoang/ensemble-modeling-for-prediction-house-price,D://crw_data//df.loc\source123,house-prices-advanced-regression-techniques
https://www.kaggle.com/yakolle/porto-lgb-prune-ensemble,D://crw_data//df.loc\source135,porto-seguro-safe-driver-prediction
https://www.kaggle.com/shitalsawant/liner-svm-two-variables-py,D://crw_data//df.loc\source137,titanic
https://www.kaggle.com/szczepanov/titanic-try-3,D://crw_data//df.loc\source139,titanic
https://www.kaggle.com/wirehack/fdsfsdfdsfsdfsdf,D://crw_data//df.loc\source149,house-prices-advanced-regression-techniques
https://www.kaggle.com/wirehack/fsdfsdfsd,D://crw_data//df.loc\source150,house-prices-advanced-regression-techniques
https://www.kaggle.com/hawkinsliam/simple-random-forest,D://crw_data//df.loc\source157,titanic
https://www.kaggle.com/vicbap/titanic,D://crw_data//df.loc\source162,titanic
https://www.kaggle.com/ptr106/pconnolly-titanic,D://crw_data//df.loc\source170,titanic
https://www.kaggle.com/zhangxige/test1,D://crw_data//df.loc\source172,titanic
https://www.kaggle.com/bluepoplar/try-1,D://crw_data//df.loc\source174,titanic
https://www.kaggle.com/longyangking/titantic,D://crw_data//df.loc\source176,titanic
https://www.kaggle.com/sharma72/titanic-survival-prediction,D://crw_data//df.loc\source177,titanic
https://www.kaggle.com/seantacular/direct-copy,D://crw_data//df.loc\source178,titanic
https://www.kaggle.com/omarhosny/titanic,D://crw_data//df.loc\source183,titanic
https://www.kaggle.com/canran/titanic-rf,D://crw_data//df.loc\source188,titanic
https://www.kaggle.com/mnoguchi/titanic-pandas,D://crw_data//df.loc\source189,titanic
https://www.kaggle.com/ankurbhartiya/titanicpy2,D://crw_data//df.loc\source190,titanic
https://www.kaggle.com/prashantkikani/home-rf-et-xgb-cb-stack-oof1-lb-0-789,D://crw_data//df.loc\source195,home-credit-default-risk
https://www.kaggle.com/nilzone/lightgbm,D://crw_data//df.loc\source217,home-credit-default-risk
https://www.kaggle.com/thebrocean/benchmarking-random-forests,D://crw_data//df.loc\source220,titanic
https://www.kaggle.com/cast42/xgboost-example-python,D://crw_data//df.loc\source230,titanic
https://www.kaggle.com/chesters99/titanic-using-svm-classifierx,D://crw_data//df.loc\source241,titanic
https://www.kaggle.com/ldj6692240/housepricescript,D://crw_data//df.loc\source252,house-prices-advanced-regression-techniques
https://www.kaggle.com/dhey24/random-forest-classifier-with-new-features,D://crw_data//df.loc\source255,titanic
https://www.kaggle.com/dhey24/titanic-intro,D://crw_data//df.loc\source256,titanic
https://www.kaggle.com/meeththakkar/titanic-randomforest-kfold-python,D://crw_data//df.loc\source263,titanic
https://www.kaggle.com/rcasellas/ensemble-stacking-with-et-script,D://crw_data//df.loc\source49,titanic
https://www.kaggle.com/bineetranjan/titanic-problem-my-first-kaggle,D://crw_data//df.loc\source72,titanic
https://www.kaggle.com/leblondmorgan/titanic-machine-learning,D://crw_data//df.loc\source77,titanic
https://www.kaggle.com/lifengmiao/titanic,D://crw_data//df.loc\source85,titanic
https://www.kaggle.com/zeroblue/xgb-boost-with-event-data,D://crw_data//df.merge\source70,talkingdata-mobile-user-demographics
https://www.kaggle.com/naumanahm/nauman-attempt3-final,D://crw_data//np.abs\source33,house-prices-advanced-regression-techniques
https://www.kaggle.com/riteshsinha/single-xgboost-model-public-lb-481,D://crw_data//np.abs\source35,recruit-restaurant-visitor-forecasting
https://www.kaggle.com/nishadi/breeds,D://crw_data//np.append\source30,shelter-animal-outcomes
https://www.kaggle.com/izzul02/age-gender-breed-and-name-vs-outcome,D://crw_data//np.append\source47,shelter-animal-outcomes
https://www.kaggle.com/felsiq/some-amateurish-full-titanic-data-process,D://crw_data//np.append\source51,titanic
https://www.kaggle.com/dkozyr/xgboost-tiny,D://crw_data//np.arange\source224,bnp-paribas-cardif-claims-management
https://www.kaggle.com/happycube/simple-cv-example-one-feature-near-rf,D://crw_data//np.arange\source345,bnp-paribas-cardif-claims-management
https://www.kaggle.com/swkim94/test77,D://crw_data//np.arange\source385,titanic
https://www.kaggle.com/timur008/newscript,D://crw_data//np.arange\source82,titanic
https://www.kaggle.com/francksylla/titanic-machine-learning-from-disaster,D://crw_data//np.argsort\source10,titanic
https://www.kaggle.com/happycube/scirpus-extreme-bayes-faron-36312,D://crw_data//np.argsort\source108,bosch-production-line-performance
https://www.kaggle.com/dex314/magic-numbers-new-change-additional-vars,D://crw_data//np.array\source102,sberbank-russian-housing-market
https://www.kaggle.com/valadi/magic-numbers-new-change,D://crw_data//np.array\source1029,sberbank-russian-housing-market
https://www.kaggle.com/eliotbarr/gridsearch-vs-randomizedsearch-on-xgboostregressor,D://crw_data//np.array\source103,house-prices-advanced-regression-techniques
https://www.kaggle.com/cjansen/magic-numbers-private-lb-0-31647,D://crw_data//np.array\source1030,sberbank-russian-housing-market
https://www.kaggle.com/tunguz/stacking-starter,D://crw_data//np.array\source1046,house-prices-advanced-regression-techniques
https://www.kaggle.com/cxxacxx/have-a-try-2,D://crw_data//np.array\source112,house-prices-advanced-regression-techniques
https://www.kaggle.com/valadi/magic-numbers-try-different,D://crw_data//np.array\source1123,sberbank-russian-housing-market
https://www.kaggle.com/maheshak04/xgb-with-nan-and-other-cleaning-25052017,D://crw_data//np.array\source1129,sberbank-russian-housing-market
https://www.kaggle.com/shub01iu/stacking-starter,D://crw_data//np.array\source1132,house-prices-advanced-regression-techniques
https://www.kaggle.com/amielsy/second-script,D://crw_data//np.array\source1151,house-prices-advanced-regression-techniques
https://www.kaggle.com/yashduvvuru/pytanic,D://crw_data//np.array\source195,titanic
https://www.kaggle.com/dreyxvx/titanic,D://crw_data//np.array\source252,titanic
https://www.kaggle.com/careyai/san-fran-crime,D://crw_data//np.array\source287,sf-crime
https://www.kaggle.com/mohdatir/trail,D://crw_data//np.array\source329,bnp-paribas-cardif-claims-management
https://www.kaggle.com/shankarpendse/titanicsurvivortraining,D://crw_data//np.array\source429,titanic
https://www.kaggle.com/youngseoklee/house-price-prediction-with-numeric-only-dataset,D://crw_data//np.array\source437,house-prices-advanced-regression-techniques
https://www.kaggle.com/saeedt2977/xgb-two,D://crw_data//np.array\source456,sberbank-russian-housing-market
https://www.kaggle.com/petrytsyn/test-script-py,D://crw_data//np.array\source490,house-prices-advanced-regression-techniques
https://www.kaggle.com/zahraatashgahy/submit2,D://crw_data//np.array\source507,house-prices-advanced-regression-techniques
https://www.kaggle.com/hcaiaa/my-first-rf,D://crw_data//np.array\source533,titanic
https://www.kaggle.com/whalejasmine/rf-1st,D://crw_data//np.array\source540,titanic
https://www.kaggle.com/kotaroito/titanic,D://crw_data//np.array\source610,titanic
https://www.kaggle.com/brajen259/pca-and-xgb,D://crw_data//np.array\source632,santander-customer-satisfaction
https://www.kaggle.com/ganliu/testwhy,D://crw_data//np.array\source639,santander-customer-satisfaction
https://www.kaggle.com/eliotbarr/stacking-starter,D://crw_data//np.array\source728,house-prices-advanced-regression-techniques
https://www.kaggle.com/demesgal/magic-numbers,D://crw_data//np.array\source855,sberbank-russian-housing-market
https://www.kaggle.com/paulorzp/xgb-mix-models-lb-0-31,D://crw_data//np.array\source86,sberbank-russian-housing-market
https://www.kaggle.com/aharless/jiwon-small-improvements-for-magic-number-results,D://crw_data//np.array\source868,sberbank-russian-housing-market
https://www.kaggle.com/wayne999/a-simple-genetic-programming,D://crw_data//np.array\source904,titanic
https://www.kaggle.com/gilsonfaria/scriptfinal,D://crw_data//np.column_stack\source17,titanic
https://www.kaggle.com/gilsonfaria/script4-boolsibsp-parch,D://crw_data//np.column_stack\source18,titanic
https://www.kaggle.com/abrierly/nn-approach,D://crw_data//np.concatenate\source113,titanic
https://www.kaggle.com/unlikelybutpossible/logistic,D://crw_data//np.concatenate\source235,titanic
https://www.kaggle.com/kingarthurie/titanik-rdf,D://crw_data//np.concatenate\source244,titanic
https://www.kaggle.com/robdias/predictfy-titanic-survival,D://crw_data//np.concatenate\source84,titanic
https://www.kaggle.com/corgicoffee/kernelb4bd873fab,D://crw_data//np.concatenate\source96,titanic
https://www.kaggle.com/devinodsa/titanic,D://crw_data//np.concatenate\source98,titanic
https://www.kaggle.com/utsavpatel/titanic-test,D://crw_data//np.count_nonzero\source6,titanic
https://www.kaggle.com/meeththakkar/perceptron-implementation,D://crw_data//np.dot\source29,titanic
https://www.kaggle.com/alipala/ml-regressors-20-features,D://crw_data//np.flatnonzero\source1,house-prices-advanced-regression-techniques
https://www.kaggle.com/adityakumarsinha/stacked-then-averaged-models-private-lb-0-554,D://crw_data//np.hstack\source16,mercedes-benz-greener-manufacturing
https://www.kaggle.com/cooleel/a-quick-try-of-h2o-automl-on-titanic-dataset,D://crw_data//np.ones\source13,titanic
https://www.kaggle.com/olttwa/titanic-logistic-regression-v1,D://crw_data//np.ones\source38,titanic
https://www.kaggle.com/zgo2016/titanic-logistic-regression,D://crw_data//np.ones\source9,titanic
https://www.kaggle.com/patrickjordan/random-forest,D://crw_data//np.sum\source112,house-prices-advanced-regression-techniques
https://www.kaggle.com/juliensiems/cleaning-new-features-gps-coordinates-included,D://crw_data//np.sum\source19,house-prices-advanced-regression-techniques
https://www.kaggle.com/kobakhit/xgboost,D://crw_data//np.sum\source260,grupo-bimbo-inventory-demand
https://www.kaggle.com/valadi/scirpus-extreme-bayes-faron-jaya,D://crw_data//np.sum\source301,bosch-production-line-performance
https://www.kaggle.com/lllinger/crimedistribution-temporal-spatial,D://crw_data//np.sum\source39,sf-crime
https://www.kaggle.com/harshitsaini/clean-character-image,D://crw_data//np.sum\source74,digit-recognizer
https://www.kaggle.com/harshitsaini/kmeans-kernel,D://crw_data//np.sum\source75,digit-recognizer
https://www.kaggle.com/daniglezl/main-1-py,D://crw_data//np.unique\source100,titanic
https://www.kaggle.com/daniglezl/main-py,D://crw_data//np.unique\source101,titanic
https://www.kaggle.com/morninghapppy/first-python-scripy,D://crw_data//np.unique\source118,titanic
https://www.kaggle.com/scirpus/xgb-on-individual-stores,D://crw_data//np.unique\source182,rossmann-store-sales
https://www.kaggle.com/saiph74/titanic-predication,D://crw_data//np.unique\source203,titanic
https://www.kaggle.com/ypcfirst/titanic-model-using-logistic-regression,D://crw_data//np.unique\source24,titanic
https://www.kaggle.com/fernandocruz/first-test,D://crw_data//np.unique\source89,leaf-classification
https://www.kaggle.com/toadtoadtoad/original-teammate,D://crw_data//np.unique\source97,titanic
https://www.kaggle.com/daniglezl/main-5-py,D://crw_data//np.unique\source99,titanic
https://www.kaggle.com/bwboerman/a-quick-dive-into-h2o-with-python,D://crw_data//np.where\source21,titanic
https://www.kaggle.com/bhavesh09/onemoremodel,D://crw_data//np.where\source52,titanic
https://www.kaggle.com/brandymat/titanic-kernel-test,D://crw_data//np.where\source76,titanic
https://www.kaggle.com/buzzolord/kappavoid-testing,D://crw_data//np.zeros\source160,titanic
https://www.kaggle.com/nilzone/lgbm-with-mean-encodings,D://crw_data//np.zeros\source183,home-credit-default-risk
https://www.kaggle.com/joydeb28/svm-model-please-upvote,D://crw_data//np.zeros\source205,house-prices-advanced-regression-techniques
https://www.kaggle.com/joydeb28/kernel4ed1a2704a,D://crw_data//np.zeros\source206,house-prices-advanced-regression-techniques
https://www.kaggle.com/mrlodur/titanic-script-test,D://crw_data//np.zeros\source222,introducing-kaggle-scripts
https://www.kaggle.com/jbuchner/random-forest-97-7-stroke-features-gaps-knots,D://crw_data//np.zeros\source319,digit-recognizer
https://www.kaggle.com/sachin13/titanic,D://crw_data//np.zeros\source353,titanic
https://www.kaggle.com/toadtoadtoad/newwwww,D://crw_data//np.zeros\source397,titanic
https://www.kaggle.com/adrianbureu/another-test,D://crw_data//np.zeros\source398,titanic
https://www.kaggle.com/laparrala/first,D://crw_data//np.zeros\source400,titanic
https://www.kaggle.com/agarwalsneha/linear-svm-with-feature-engineering,D://crw_data//np.zeros\source439,titanic
https://www.kaggle.com/justdoit/xgboost-in-python-with-rmspe,D://crw_data//np.zeros\source732,rossmann-store-sales
https://www.kaggle.com/vinhnguyen/evolutionary-algorithms-for-param-tuning,D://crw_data//np.zeros\source90,rossmann-store-sales
https://www.kaggle.com/paso84/xgboost-in-python-with-rmspe,D://crw_data//np.zeros\source94,rossmann-store-sales
https://www.kaggle.com/ranjith49/home-credit-default-risk-python,D://crw_data//pd.concat\source1011,home-credit-default-risk
https://www.kaggle.com/ldj6692240/titanicxgboostscript,D://crw_data//pd.concat\source1054,titanic
https://www.kaggle.com/piplimoon/leaderboard-0-8134,D://crw_data//pd.concat\source114,titanic
https://www.kaggle.com/nicapotato/tf-idf-xgboost,D://crw_data//pd.concat\source160,jigsaw-toxic-comment-classification-challenge
https://www.kaggle.com/mymkyt/simple-lasso-public-score-0-12102,D://crw_data//pd.concat\source166,house-prices-advanced-regression-techniques
https://www.kaggle.com/cookiepapa/house-prediction-with-lasso-top-10-score,D://crw_data//pd.concat\source222,house-prices-advanced-regression-techniques
https://www.kaggle.com/nickydebeer/practice-predicting-house-prices,D://crw_data//pd.concat\source297,house-prices-advanced-regression-techniques
https://www.kaggle.com/philipkalinda/titanic-modelling,D://crw_data//pd.concat\source303,titanic
https://www.kaggle.com/dujianjun79/titanic-machine-learing,D://crw_data//pd.concat\source311,titanic
https://www.kaggle.com/panpolikarp/housing-submission-0-12695,D://crw_data//pd.concat\source334,house-prices-advanced-regression-techniques
https://www.kaggle.com/andyxie/titanic-xgboost,D://crw_data//pd.concat\source354,titanic
https://www.kaggle.com/hehe91/sample,D://crw_data//pd.concat\source359,house-prices-advanced-regression-techniques
https://www.kaggle.com/nolanhoney/nolan-honey-comp-3122-assignment-3,D://crw_data//pd.concat\source405,house-prices-advanced-regression-techniques
https://www.kaggle.com/alipala/simple-data-imputation,D://crw_data//pd.concat\source411,titanic
https://www.kaggle.com/vishreddy/predicting-cuisine,D://crw_data//pd.concat\source429,whats-cooking-kernels-only
https://www.kaggle.com/joanfo/my-first-kernel,D://crw_data//pd.concat\source433,house-prices-advanced-regression-techniques
https://www.kaggle.com/garethjns/microsoft-lightgbm-with-parameter-tuning-0-823,D://crw_data//pd.concat\source49,titanic
https://www.kaggle.com/anirban00727/titanic-survival-chances-prediction,D://crw_data//pd.concat\source499,titanic
https://www.kaggle.com/shalva/first-submission-for-realz,D://crw_data//pd.concat\source501,house-prices-advanced-regression-techniques
https://www.kaggle.com/xshipx/linear-model,D://crw_data//pd.concat\source532,house-prices-advanced-regression-techniques
https://www.kaggle.com/peyo9164/simple-lasoo-script,D://crw_data//pd.concat\source557,house-prices-advanced-regression-techniques
https://www.kaggle.com/adiamb/titanic-survival-my-way,D://crw_data//pd.concat\source567,titanic
https://www.kaggle.com/rohitagarwal/attempt-number-1,D://crw_data//pd.concat\source576,titanic
https://www.kaggle.com/weizizeng/house-price,D://crw_data//pd.concat\source582,house-prices-advanced-regression-techniques
https://www.kaggle.com/rchitic17/titanic-r-to-python,D://crw_data//pd.concat\source596,titanic
https://www.kaggle.com/mhooreman/test-new-script,D://crw_data//pd.concat\source631,shelter-animal-outcomes
https://www.kaggle.com/ganliu/xgb-param,D://crw_data//pd.concat\source647,santander-customer-satisfaction
https://www.kaggle.com/dstefa01/extraoptimizedtree,D://crw_data//pd.concat\source652,bnp-paribas-cardif-claims-management
https://www.kaggle.com/scirpus/quick-genetic-programme,D://crw_data//pd.concat\source797,allstate-claims-severity
https://www.kaggle.com/lzzzfelipe/titanic-modelling,D://crw_data//pd.concat\source857,titanic
https://www.kaggle.com/silpara/h2o-python-starter,D://crw_data//pd.concat\source964,allstate-claims-severity
https://www.kaggle.com/alexxanderlarko/road-2-0-4-featureset,D://crw_data//pd.concat\source970,bosch-production-line-performance
https://www.kaggle.com/anilcs/ectra-with-new-features,D://crw_data//pd.concat\source991,bnp-paribas-cardif-claims-management
https://www.kaggle.com/zengqing/helloworld,D://crw_data//pd.crosstab\source11,titanic
https://www.kaggle.com/angadp/trying-for-top-10,D://crw_data//pd.crosstab\source17,titanic
https://www.kaggle.com/harini5693/data-analysisusingpython,D://crw_data//pd.crosstab\source32,titanic
https://www.kaggle.com/gilbar/visualizing-data,D://crw_data//pd.read_csv\source1089,santander-customer-satisfaction
https://www.kaggle.com/inpefess/xgboost-in-python-with-rmspe,D://crw_data//pd.read_csv\source1130,rossmann-store-sales
https://www.kaggle.com/lvraikkonen/logistic-model-using-scikit-learn,D://crw_data//pd.read_csv\source1133,titanic
https://www.kaggle.com/albytho/pubg-prediction-ann-implementation,D://crw_data//pd.read_csv\source1181,pubg-finish-placement-prediction
https://www.kaggle.com/albytho/pubp-prediction-linear-regresion,D://crw_data//pd.read_csv\source1182,pubg-finish-placement-prediction
https://www.kaggle.com/sjtreadway/titanic-prediction,D://crw_data//pd.read_csv\source1268,titanic
https://www.kaggle.com/omijn1/titanic-survivor-prediction,D://crw_data//pd.read_csv\source1281,titanic
https://www.kaggle.com/jvallej/agregaciones-previouse-applications,D://crw_data//pd.read_csv\source1289,home-credit-default-risk
https://www.kaggle.com/youngseoklee/digit-recognizer-with-machine-learning,D://crw_data//pd.read_csv\source1448,digit-recognizer
https://www.kaggle.com/steffenritter/test-kernel,D://crw_data//pd.read_csv\source1474,titanic
https://www.kaggle.com/tedspikes/titanic-test,D://crw_data//pd.read_csv\source1485,titanic
https://www.kaggle.com/san7911/titanictest,D://crw_data//pd.read_csv\source1488,titanic
https://www.kaggle.com/jugglingjassi/data-analytics-kickoff-titanic-competition,D://crw_data//pd.read_csv\source1496,titanic
https://www.kaggle.com/fromage0/testtest,D://crw_data//pd.read_csv\source1587,titanic
https://www.kaggle.com/weishyi/titanic,D://crw_data//pd.read_csv\source1672,titanic
https://www.kaggle.com/guillaumegg/titanic-machine-learning,D://crw_data//pd.read_csv\source1682,titanic
https://www.kaggle.com/coltonpaul/lost-in-a-forest-titanic,D://crw_data//pd.read_csv\source1686,titanic
https://www.kaggle.com/sinanalb/test-titanic,D://crw_data//pd.read_csv\source1700,titanic
https://www.kaggle.com/bhavesh09/titanicsurvivalprediction,D://crw_data//pd.read_csv\source1722,titanic
https://www.kaggle.com/jiangel/titanic-rf,D://crw_data//pd.read_csv\source1744,titanic
https://www.kaggle.com/laiwh123/titanic,D://crw_data//pd.read_csv\source1816,titanic
https://www.kaggle.com/abrierly/explore-titanic-python,D://crw_data//pd.read_csv\source1841,titanic
https://www.kaggle.com/daskoo/titanic-test-python,D://crw_data//pd.read_csv\source1902,titanic
https://www.kaggle.com/fernandocruz/testetststs,D://crw_data//pd.read_csv\source1911,leaf-classification
https://www.kaggle.com/zygmunt/predict-sales-with-pandas-py,D://crw_data//pd.read_csv\source192,rossmann-store-sales
https://www.kaggle.com/dexter22/testing,D://crw_data//pd.read_csv\source1921,titanic
https://www.kaggle.com/hongyupan/test1,D://crw_data//pd.read_csv\source1947,titanic
https://www.kaggle.com/gunjan17/mytitanicsolution,D://crw_data//pd.read_csv\source1965,titanic
https://www.kaggle.com/smartbao/item-recomm2,D://crw_data//pd.read_csv\source2044,santander-product-recommendation
https://www.kaggle.com/chabir/extratreesclassifier-score-0-45-v5,D://crw_data//pd.read_csv\source207,bnp-paribas-cardif-claims-management
https://www.kaggle.com/clararnoux/titanic-not-failing,D://crw_data//pd.read_csv\source2123,titanic
https://www.kaggle.com/lostking91/titanic,D://crw_data//pd.read_csv\source2265,titanic
https://www.kaggle.com/mldm16fe/mytest051603,D://crw_data//pd.read_csv\source2361,titanic
https://www.kaggle.com/violinbeats/knn-test-run,D://crw_data//pd.read_csv\source2372,facebook-v-predicting-check-ins
https://www.kaggle.com/sodanuo/fork-dataquest,D://crw_data//pd.read_csv\source2413,titanic
https://www.kaggle.com/tsetsenos/firstpyscript,D://crw_data//pd.read_csv\source2440,bnp-paribas-cardif-claims-management
https://www.kaggle.com/jeolas/id-survived,D://crw_data//pd.read_csv\source2454,titanic
https://www.kaggle.com/forainychen/testsc,D://crw_data//pd.read_csv\source2470,titanic
https://www.kaggle.com/itwalker1618/testa,D://crw_data//pd.read_csv\source2484,titanic
https://www.kaggle.com/kousukekikuchi/testabc,D://crw_data//pd.read_csv\source2491,titanic
https://www.kaggle.com/maxibloba/hello,D://crw_data//pd.read_csv\source2535,titanic
https://www.kaggle.com/jsalas4/workshop,D://crw_data//pd.read_csv\source2558,titanic
https://www.kaggle.com/wtichen/first-try,D://crw_data//pd.read_csv\source2573,rossmann-store-sales
https://www.kaggle.com/mschou/titanic001,D://crw_data//pd.read_csv\source2575,titanic
https://www.kaggle.com/sakenk/random-forest,D://crw_data//pd.read_csv\source2578,titanic
https://www.kaggle.com/srinisid/test1,D://crw_data//pd.read_csv\source2582,titanic
https://www.kaggle.com/dish42/getting-started,D://crw_data//pd.read_csv\source2593,titanic
https://www.kaggle.com/ypscut/test-3,D://crw_data//pd.read_csv\source2595,titanic
https://www.kaggle.com/ypscut/test1-1,D://crw_data//pd.read_csv\source2599,titanic
https://www.kaggle.com/aishijiang/titanic-3,D://crw_data//pd.read_csv\source2607,titanic
https://www.kaggle.com/aishijiang/titanic-2,D://crw_data//pd.read_csv\source2617,titanic
https://www.kaggle.com/scirpus/genetic-programming-lb-0-88,D://crw_data//pd.read_csv\source2716,titanic
https://www.kaggle.com/clustifier/weekend-weekdays,D://crw_data//pd.read_csv\source2747,web-traffic-time-series-forecasting
https://www.kaggle.com/director/simple-xgboost-0-46146,D://crw_data//pd.read_csv\source2802,bnp-paribas-cardif-claims-management
https://www.kaggle.com/clustifier/python-median-long-weekend,D://crw_data//pd.read_csv\source2841,web-traffic-time-series-forecasting
https://www.kaggle.com/dvasyukova/predict-sales-with-pandas-py,D://crw_data//pd.read_csv\source2850,rossmann-store-sales
https://www.kaggle.com/cast42/xgboost-extra-features,D://crw_data//pd.read_csv\source2882,rossmann-store-sales
https://www.kaggle.com/anishanalytics/oscar-wala-actor-leo,D://crw_data//pd.read_csv\source2910,titanic
https://www.kaggle.com/yuhaichina/extratreesclassifier-score-0-45911,D://crw_data//pd.read_csv\source2974,bnp-paribas-cardif-claims-management
https://www.kaggle.com/mukesh62/titanic-1913,D://crw_data//pd.read_csv\source3011,titanic
https://www.kaggle.com/clustifier/8-weeks-median,D://crw_data//pd.read_csv\source3061,web-traffic-time-series-forecasting
https://www.kaggle.com/scirpus/gp-lb-0-984930,D://crw_data//pd.read_csv\source3070,predicting-red-hat-business-value
https://www.kaggle.com/bschaefer/frequent-items-per-user-baseline-lb-0-30,D://crw_data//pd.read_csv\source3108,instacart-market-basket-analysis
https://www.kaggle.com/anokas/extratreesoptimisation,D://crw_data//pd.read_csv\source3186,bnp-paribas-cardif-claims-management
https://www.kaggle.com/davidfumo/python-median,D://crw_data//pd.read_csv\source3241,web-traffic-time-series-forecasting
https://www.kaggle.com/dearkafka/oscar-wala-actor,D://crw_data//pd.read_csv\source3260,titanic
https://www.kaggle.com/clustifier/7-weeks-mode-lb-51-5,D://crw_data//pd.read_csv\source3330,web-traffic-time-series-forecasting
https://www.kaggle.com/scirpus/gp-plus-santander-style-heuristics,D://crw_data//pd.read_csv\source3359,predicting-red-hat-business-value
https://www.kaggle.com/vigneshinfy/dummy,D://crw_data//pd.read_csv\source3363,talkingdata-mobile-user-demographics
https://www.kaggle.com/bguberfain/v22-classifier,D://crw_data//pd.read_csv\source3387,bnp-paribas-cardif-claims-management
https://www.kaggle.com/tiggi74/myfirstml,D://crw_data//pd.read_csv\source3579,titanic
https://www.kaggle.com/kumareshd/chicken-momos-plate-1,D://crw_data//pd.read_csv\source3588,talkingdata-mobile-user-demographics
https://www.kaggle.com/scirpus/ordinal-xgb-lb-46190,D://crw_data//pd.read_csv\source3617,bnp-paribas-cardif-claims-management
https://www.kaggle.com/insaff/trees,D://crw_data//pd.read_csv\source3625,bnp-paribas-cardif-claims-management
https://www.kaggle.com/anilkumarkuppa/extratreesclassifier-score-0-45911,D://crw_data//pd.read_csv\source3628,bnp-paribas-cardif-claims-management
https://www.kaggle.com/iwasred/pubg-finish-placement-prediction-1,D://crw_data//pd.read_csv\source3697,pubg-finish-placement-prediction
https://www.kaggle.com/nabilnobel/if-product-exists-in-last-4-order,D://crw_data//pd.read_csv\source3779,instacart-market-basket-analysis
https://www.kaggle.com/tunguz/7-weeks-median-gzipped-output,D://crw_data//pd.read_csv\source3789,web-traffic-time-series-forecasting
https://www.kaggle.com/danofer/python-integer-median-baseline-49-3,D://crw_data//pd.read_csv\source3790,web-traffic-time-series-forecasting
https://www.kaggle.com/llexio/geneticprogramming,D://crw_data//pd.read_csv\source3917,titanic
https://www.kaggle.com/prajitdatta/titanic-disaster-survival-analysis-ml,D://crw_data//pd.read_csv\source3957,titanic
https://www.kaggle.com/gouxute1/xgboost-and-simple-data-cleaning,D://crw_data//pd.read_csv\source3966,santander-customer-satisfaction
https://www.kaggle.com/usersumit/first-kaggle-script-titanic,D://crw_data//pd.read_csv\source4033,titanic
https://www.kaggle.com/zaverichintan/titanic-predictions,D://crw_data//pd.read_csv\source4052,titanic
https://www.kaggle.com/adrianspataru/first-submission,D://crw_data//pd.read_csv\source4054,titanic
https://www.kaggle.com/milivojevic/tweak-a-bit,D://crw_data//pd.read_csv\source4090,talkingdata-mobile-user-demographics
https://www.kaggle.com/schwery/brandonsroncbriang-a2-script,D://crw_data//pd.read_csv\source568,titanic
https://www.kaggle.com/tommyttf/try-to-learn,D://crw_data//pd.read_csv\source663,digit-recognizer
https://www.kaggle.com/jtson1213/titanic-decision-tree-classifier,D://crw_data//pd.read_csv\source779,titanic
https://www.kaggle.com/cast42/xgboost-in-python-with-rmspe-v2,D://crw_data//pd.read_csv\source79,rossmann-store-sales
https://www.kaggle.com/scirpus/naive-bayes-xgb,D://crw_data//pd.read_csv\source797,allstate-claims-severity
https://www.kaggle.com/alpoza/test-titanic,D://crw_data//pd.read_csv\source826,titanic
https://www.kaggle.com/popupsert/titanic-my-first-kaggle,D://crw_data//pd.read_csv\source913,titanic
https://www.kaggle.com/anjuram25/titanic-ramanujamallam,D://crw_data//pd.read_csv\source983,titanic
https://www.kaggle.com/kevins/models-war,D://crw_data//pd.to_datetime\source191,kobe-bryant-shot-selection
https://www.kaggle.com/aaronpolhamus/competition-metric-for-data-science-bowl,D://crw_data//df.apply\source32,introducing-kaggle-scripts
https://www.kaggle.com/opanichev/pandas-btb,D://crw_data//np.argsort\source22,instacart-market-basket-analysis
https://www.kaggle.com/soroushj/tap30-challenge-random-forest-regressor,D://crw_data//np.array\source224,tap30challenge
https://www.kaggle.com/knageswara78/my-tatanic-python-solution,D://crw_data//np.arange\source93,titanic
https://www.kaggle.com/zusmani/baseline-optimal-mask,D://crw_data//np.array\source1027,carvana-image-masking-challenge
https://www.kaggle.com/mrisdal/starter-kernel-python-script-1,D://crw_data//np.array\source1039,digit-recognizer
https://www.kaggle.com/triskelion/kappa-intuition,D://crw_data//np.array\source43,crowdflower-search-relevance
https://www.kaggle.com/muthu4all/recognize-the-number,D://crw_data//np.array\source671,digit-recognizer
https://www.kaggle.com/robertkag/rle-to-mask-converter,D://crw_data//np.array\source70,data-science-bowl-2018
https://www.kaggle.com/sundancekid/sctryout,D://crw_data//np.array\source708,otto-group-product-classification-challenge
https://www.kaggle.com/mmueller/categorical-embedding-with-xgb,D://crw_data//np.array\source765,allstate-claims-severity
https://www.kaggle.com/tilii7/ensemble-weights-minimization-vs-mcmc,D://crw_data//np.array\source783,allstate-claims-severity
https://www.kaggle.com/marbel/keras-dummy-vars,D://crw_data//df.apply\source25,caterpillar-tube-pricing
https://www.kaggle.com/aawadall/deep-neural-net,D://crw_data//df.astype\source2,digit-recognizer
https://www.kaggle.com/tflana/simple-keras-feed-fwd-nn,D://crw_data//df.fillna\source16,recruit-restaurant-visitor-forecasting
https://www.kaggle.com/chappy19910723/tutrial20180702-2,D://crw_data//df.fillna\source30,titanic
https://www.kaggle.com/marbel/cat-random-forest,D://crw_data//df.apply\source60,caterpillar-tube-pricing
https://www.kaggle.com/sudalairajkumar/rf-multilabel-framework-lb-0-022475,D://crw_data//df.fillna\source56,santander-product-recommendation
https://www.kaggle.com/plantsgo/solution-public-0-471-private-0-505,D://crw_data//df.iloc\source62,recruit-restaurant-visitor-forecasting
https://www.kaggle.com/ogrellier/multi-core-aggregations,D://crw_data//df.iloc\source65,PLAsTiCC-2018
https://www.kaggle.com/rom1m201363/road-grid-and-backpropagated-dijkstra-with-pytorch,D://crw_data//np.abs\source17,new-york-city-taxi-fare-prediction
https://www.kaggle.com/pakozm/python-tube-properties-and-rfs,D://crw_data//df.apply\source80,caterpillar-tube-pricing
https://www.kaggle.com/triskelion/an-unusual-informative-feature,D://crw_data//pd.read_csv\source3247,quora-question-pairs
https://www.kaggle.com/wrosinski/boosted-python-xgb-starter-0-0223532-lb,D://crw_data//df.fillna\source73,santander-product-recommendation
https://www.kaggle.com/shabin/titanic-get-started,D://crw_data//df.iloc\source40,titanic
https://www.kaggle.com/drarfc/script-competition-facebook-v-2-1,D://crw_data//df.loc\source106,facebook-v-predicting-check-ins
https://www.kaggle.com/drarfc/knn-accelerated-v3,D://crw_data//df.loc\source224,facebook-v-predicting-check-ins
https://www.kaggle.com/valadi/mad-scripts-battle-z,D://crw_data//df.loc\source242,facebook-v-predicting-check-ins
https://www.kaggle.com/nikolayburlutskiy/modified-grid-knn,D://crw_data//df.loc\source264,facebook-v-predicting-check-ins
https://www.kaggle.com/paullo0106/knn-accelerated-v3,D://crw_data//df.loc\source265,facebook-v-predicting-check-ins
https://www.kaggle.com/tunguz/script-competition-facebook-v-2-2,D://crw_data//df.loc\source266,facebook-v-predicting-check-ins
https://www.kaggle.com/zeroblue/modified-grid-knn-17-alex2,D://crw_data//df.loc\source267,facebook-v-predicting-check-ins
https://www.kaggle.com/balajibi/facebook-solution-bi-1,D://crw_data//df.loc\source268,facebook-v-predicting-check-ins
https://www.kaggle.com/zeroblue/modified-grid-knn-17-z,D://crw_data//df.loc\source269,facebook-v-predicting-check-ins
https://www.kaggle.com/zeroblue/knn-accelerated-v3,D://crw_data//df.loc\source82,facebook-v-predicting-check-ins
https://www.kaggle.com/company/facebook-pci,D://crw_data//df.loc\source83,facebook-v-predicting-check-ins
https://www.kaggle.com/devendramittal/randomforest,D://crw_data//np.column_stack\source28,liberty-mutual-group-property-inspection-prediction
https://www.kaggle.com/gilsonfaria/script3-title-dummies,D://crw_data//np.column_stack\source21,titanic
https://www.kaggle.com/donchuk/fast-implementation-of-scoring-metric,D://crw_data//np.arange\source21,tgs-salt-identification-challenge
https://www.kaggle.com/robertkag/metric-script,D://crw_data//np.array\source125,tgs-salt-identification-challenge
https://www.kaggle.com/sindhujaa/andhra-titanic,D://crw_data//np.append\source27,titanic
https://www.kaggle.com/pranaysahith/digit-recognizer,D://crw_data//np.concatenate\source128,digit-recognizer
https://www.kaggle.com/ranlocar/xgb-with-whq-jaccard,D://crw_data//df.apply\source29,quora-question-pairs
https://www.kaggle.com/mkurnikov/modified-cos-similarity-python-edition,D://crw_data//df.apply\source66,coupon-purchase-prediction
https://www.kaggle.com/yaxelperez/logistic-regression-thing,D://crw_data//df.astype\source3,titanic
https://www.kaggle.com/qqgeogor/ftrl-classifier-campatible-with-sklearn,D://crw_data//np.abs\source81,springleaf-marketing-response
https://www.kaggle.com/mosa94/linear-regression-implementations,D://crw_data//np.array\source422,house-prices-advanced-regression-techniques
https://www.kaggle.com/nithin98/pubg-v5,D://crw_data//np.dot\source17,pubg-finish-placement-prediction
https://www.kaggle.com/newhardwarefound/artificial-neural-network,D://crw_data//np.argmax\source110,digit-recognizer
https://www.kaggle.com/amznit/rf-multilabel-framework-lb-0-022475,D://crw_data//df.fillna\source72,santander-product-recommendation
https://www.kaggle.com/demoonism/rf-multilabel-framework-lb-0-022475,D://crw_data//df.fillna\source75,santander-product-recommendation
https://www.kaggle.com/mjyang/testw,D://crw_data//df.ix\source7,titanic
https://www.kaggle.com/hideki1234/neural-network,D://crw_data//np.argmax\source29,digit-recognizer
https://www.kaggle.com/xiziling/deal-with,D://crw_data//np.array\source1065,shelter-animal-outcomes
https://www.kaggle.com/chriscc/xgb-cv,D://crw_data//np.array\source1083,liberty-mutual-group-property-inspection-prediction
https://www.kaggle.com/rtmink/test-101,D://crw_data//np.array\source1182,liberty-mutual-group-property-inspection-prediction
https://www.kaggle.com/chriscc/xgb-py,D://crw_data//np.array\source259,liberty-mutual-group-property-inspection-prediction
https://www.kaggle.com/rtmink/test-1011,D://crw_data//np.array\source564,liberty-mutual-group-property-inspection-prediction
https://www.kaggle.com/aarotang/test-data,D://crw_data//np.array\source569,liberty-mutual-group-property-inspection-prediction
https://www.kaggle.com/rtmink/cs-145-project-2c,D://crw_data//np.array\source570,liberty-mutual-group-property-inspection-prediction
https://www.kaggle.com/ogrellier/user-level-lightgbm-lb-1-4480,D://crw_data//np.array\source7,ga-customer-revenue-prediction
https://www.kaggle.com/dlyzer/k-nearest-neighbors,D://crw_data//np.dot\source9,crowdflower-search-relevance
https://www.kaggle.com/hakeem/stacked-then-averaged-models-0-5697,D://crw_data//np.hstack\source2,mercedes-benz-greener-manufacturing
https://www.kaggle.com/xcz011/mercedez,D://crw_data//np.hstack\source21,mercedes-benz-greener-manufacturing
https://www.kaggle.com/andrewlin1006/cs145-v1,D://crw_data//np.hstack\source48,liberty-mutual-group-property-inspection-prediction
https://www.kaggle.com/stacyayaka/cs145,D://crw_data//np.hstack\source51,liberty-mutual-group-property-inspection-prediction
https://www.kaggle.com/nightshade7/allstatetest,D://crw_data//np.hstack\source53,allstate-claims-severity
https://www.kaggle.com/tobikaggle/stacked-then-averaged-models-0-5697,D://crw_data//np.hstack\source61,mercedes-benz-greener-manufacturing
https://www.kaggle.com/mingruimingrui/top-3-hakeem-s-script-without-outlier-y-250,D://crw_data//np.hstack\source80,mercedes-benz-greener-manufacturing
https://www.kaggle.com/jeshugames2/classification-using-svm,D://crw_data//np.hstack\source85,titanic
https://www.kaggle.com/rssalessio/test1,D://crw_data//np.concatenate\source136,denoising-dirty-documents
https://www.kaggle.com/alabsinatheer/mercedes-benz-first-model-stacking-1,D://crw_data//np.hstack\source43,mercedes-benz-greener-manufacturing
https://www.kaggle.com/angelalily/random,D://crw_data//np.linalg.norm\source7,digit-recognizer
https://www.kaggle.com/kyleingraham/titanic-survivor-prediction,D://crw_data//df.fillna\source32,titanic
https://www.kaggle.com/cklwankaggle/cat-dog-vgg8,D://crw_data//np.prod\source2,dogs-vs-cats-redux-kernels-edition
https://www.kaggle.com/qqgeogor/keras-lstm-attention-glove840b-lb-0-043,D://crw_data//np.sum\source179,jigsaw-toxic-comment-classification-challenge
https://www.kaggle.com/moichiaaron/numpynist-py,D://crw_data//np.arange\source129,digit-recognizer
https://www.kaggle.com/arthurlpgc/first-tests,D://crw_data//pd.read_csv\source1761,titanic
https://www.kaggle.com/man4urheart/santander-alogrithm-mandeep,D://crw_data//df.astype\source4,santander-product-recommendation
https://www.kaggle.com/dollardollar/xgb-with-class-probabilities,D://crw_data//df.iloc\source33,talkingdata-mobile-user-demographics
https://www.kaggle.com/scirpus/3-little-models,D://crw_data//np.abs\source109,santander-customer-satisfaction
https://www.kaggle.com/sunfulv1/nmsz1816010,D://crw_data//np.arange\source120,forest-cover-type-kernels-only
https://www.kaggle.com/davidgasquez/ndcg-scorer,D://crw_data//np.arange\source263,airbnb-recruiting-new-user-bookings
https://www.kaggle.com/jonmanly/first-fit-algorithm-two-pass-lb-31907-53,D://crw_data//np.array\source313,santas-uncertain-bags
https://www.kaggle.com/inderpartap15/recurrence-relation,D://crw_data//np.array\source474,integer-sequence-learning
https://www.kaggle.com/rayidura/elo-don-t-forget-the-past,D://crw_data//np.zeros\source175,elo-merchant-category-recommendation
https://www.kaggle.com/algonell/2015-08-20,D://crw_data//pd.read_csv\source356,springleaf-marketing-response
https://www.kaggle.com/lkirch/testingrossmanndata-ipynb,D://crw_data//df.fillna\source44,rossmann-store-sales
https://www.kaggle.com/tokestermw/deep-bow-baseline,D://crw_data//df.fillna\source52,jigsaw-toxic-comment-classification-challenge
https://www.kaggle.com/zhoulaiqing/feature-starter,D://crw_data//df.apply\source54,talkingdata-mobile-user-demographics
https://www.kaggle.com/antoinekrajnc/house-prices-multiple-linear-regression,D://crw_data//np.append\source20,house-prices-advanced-regression-techniques
https://www.kaggle.com/shyamspr/backward-elimination,D://crw_data//np.append\source49,titanic
https://www.kaggle.com/andywan/data-import,D://crw_data//np.arange\source167,titanic
https://www.kaggle.com/ed25519/code-taken-from-xkcd-examples-showcase-xkcd-html,D://crw_data//np.arange\source191,introducing-kaggle-scripts
https://www.kaggle.com/khyh00/xkcd-style-test,D://crw_data//np.arange\source264,introducing-kaggle-scripts
https://www.kaggle.com/saihttam/understanding-rmspe,D://crw_data//np.arange\source306,rossmann-store-sales
https://www.kaggle.com/heaviside9/sklearn-linear-regression-benchmark,D://crw_data//np.arange\source311,prudential-life-insurance-assessment
https://www.kaggle.com/cesarboucas/oneclasssvm,D://crw_data//np.argsort\source164,bosch-production-line-performance
https://www.kaggle.com/janekk/xgboost-with-optimized-offsets,D://crw_data//np.array\source1072,prudential-life-insurance-assessment
https://www.kaggle.com/alexxanderlarko/xgb-offset0501,D://crw_data//np.array\source957,prudential-life-insurance-assessment
https://www.kaggle.com/zstuwangrui/start-up,D://crw_data//np.c_\source17,grupo-bimbo-inventory-demand
https://www.kaggle.com/ocaudevi/passanger-flow-mapping-properties,D://crw_data//np.hstack\source31,nyc-taxi-trip-duration
https://www.kaggle.com/sdanaipat/prime,D://crw_data//np.ones\source117,introducing-kaggle-scripts
https://www.kaggle.com/acyouzi/test-frist,D://crw_data//np.ones\source68,talkingdata-mobile-user-demographics
https://www.kaggle.com/isaac7/talking-script1,D://crw_data//np.ones\source70,talkingdata-mobile-user-demographics
https://www.kaggle.com/xiaoml/bag-of-app-id-python-2-27392,D://crw_data//pd.concat\source707,talkingdata-mobile-user-demographics
https://www.kaggle.com/cast42/calibratedcv-xgboost,D://crw_data//np.array\source249,santander-customer-satisfaction
https://www.kaggle.com/judata/talkingdata-xgb-param-tuning-rdm-sampling,D://crw_data//np.sum\source101,talkingdata-adtracking-fraud-detection
https://www.kaggle.com/hbajaj/nyc-taxi-fare-rfr-script,D://crw_data//df.apply\source37,new-york-city-taxi-fare-prediction
https://www.kaggle.com/gcshekar08/testing-without-correcting-the-data-leakage,D://crw_data//df.iloc\source20,santander-value-prediction-challenge
https://www.kaggle.com/carmnejsu/feature-engineering-different-models,D://crw_data//df.fillna\source20,house-prices-advanced-regression-techniques
https://www.kaggle.com/mikeskim/logmean-imputation,D://crw_data//df.apply\source13,web-traffic-time-series-forecasting
https://www.kaggle.com/chechir/export-feats-kernel,D://crw_data//df.apply\source42,quora-question-pairs
https://www.kaggle.com/valadi/xgboost-lightgbm-and-ols-tunenew,D://crw_data//df.fillna\source26,zillow-prize-1
https://www.kaggle.com/azuralrainbow/summer,D://crw_data//df.fillna\source33,sberbank-russian-housing-market
https://www.kaggle.com/davidfumo/boosted-trees-lb-0-0643707,D://crw_data//df.fillna\source4,zillow-prize-1
https://www.kaggle.com/valadi/xgboost-lightgbm-and-ols-tune-1,D://crw_data//df.fillna\source63,zillow-prize-1
https://www.kaggle.com/qinhui1999/xgboost-lightgbm-and-ols,D://crw_data//df.fillna\source64,zillow-prize-1
https://www.kaggle.com/ogrellier/plasticc-in-a-kernel-meta-and-data,D://crw_data//df.loc\source2,PLAsTiCC-2018
https://www.kaggle.com/chenglongchen/customized-softkappa-loss-in-xgboost,D://crw_data//np.abs\source82,crowdflower-search-relevance
https://www.kaggle.com/ymatioun/lightgbm-v1,D://crw_data//df.iloc\source30,whats-cooking-kernels-only
https://www.kaggle.com/aleiken/beginner-xgboost,D://crw_data//df.loc\source88,costa-rican-household-poverty-prediction
https://www.kaggle.com/danieleewww/xgboost-lightgbm-and-olsv107-w-month-features,D://crw_data//df.fillna\source17,zillow-prize-1
https://www.kaggle.com/yifanxie/training-set-split-for-cross-validation,D://crw_data//np.arange\source33,caterpillar-tube-pricing
https://www.kaggle.com/dietcoke/score-predictions-using-ndcg,D://crw_data//np.arange\source40,airbnb-recruiting-new-user-bookings
https://www.kaggle.com/nagadomi/nearest-neighbor-search,D://crw_data//np.argmax\source93,digit-recognizer
https://www.kaggle.com/sjfcannon/zillowscratchwork,D://crw_data//np.array\source452,zillow-prize-1
https://www.kaggle.com/jpopham91/gini-scoring-simple-and-efficient,D://crw_data//np.array\source730,liberty-mutual-group-property-inspection-prediction
https://www.kaggle.com/filatenkova/digit-read,D://crw_data//np.transpose\source20,digit-recognizer
https://www.kaggle.com/suryavan/knn-and-probability-lookup-script,D://crw_data//np.argsort\source113,facebook-v-predicting-check-ins
https://www.kaggle.com/yangnanhai/testtest,D://crw_data//np.array\source1071,prudential-life-insurance-assessment
https://www.kaggle.com/zeroblue/testing-knn,D://crw_data//df.loc\source181,facebook-v-predicting-check-ins
https://www.kaggle.com/yeewii/firstscratchinpy,D://crw_data//df.iterrows\source7,titanic
https://www.kaggle.com/tranquangan/my-first-experiment-with-kaggle,D://crw_data//np.where\source156,titanic
https://www.kaggle.com/verdecal/epic-titanic-disaster,D://crw_data//np.where\source157,titanic
https://www.kaggle.com/davideng/titanic-attempt-1-random-forest,D://crw_data//np.where\source159,titanic
https://www.kaggle.com/computermage/test-titanic-survival-script,D://crw_data//np.where\source74,titanic
https://www.kaggle.com/qvajou/titanic-disaster-first-test,D://crw_data//np.where\source79,titanic
https://www.kaggle.com/sturdydata/titanic-rf,D://crw_data//np.where\source85,titanic
https://www.kaggle.com/svpons/grid-plus-classifier,D://crw_data//np.argsort\source102,facebook-v-predicting-check-ins
https://www.kaggle.com/rrqqmm/even-faster-submission,D://crw_data//np.array\source440,carvana-image-masking-challenge
https://www.kaggle.com/lebowski330/extensive-feature-engineering,D://crw_data//np.array\source552,house-prices-advanced-regression-techniques
https://www.kaggle.com/evaristoc/once-upon-an-time-a-fish,D://crw_data//np.where\source135,bike-sharing-demand
https://www.kaggle.com/alexai/defautscript2,D://crw_data//df.loc\source151,titanic
https://www.kaggle.com/yipcma/catboost-on-a-boat-with-useful-tricks,D://crw_data//df.fillna\source24,titanic
https://www.kaggle.com/safavieh/median-estimation-by-fibonacci-et-al-lb-44-9,D://crw_data//np.arange\source13,web-traffic-time-series-forecasting
https://www.kaggle.com/bruceokallau/simple-knn-model-93-accurate,D://crw_data//np.arange\source157,digit-recognizer
https://www.kaggle.com/zfturbo/greedy-children-baseline-v2-0-7455,D://crw_data//np.arange\source16,santa-gift-matching
https://www.kaggle.com/tuomastik/pca-visualization,D://crw_data//np.arange\source245,santander-customer-satisfaction
https://www.kaggle.com/soutou/new-model-lb-44-6,D://crw_data//np.arange\source262,web-traffic-time-series-forecasting
https://www.kaggle.com/lancerts/combined,D://crw_data//np.array\source1007,crowdflower-search-relevance
https://www.kaggle.com/batzner/small-dataset-generator,D://crw_data//np.array\source177,santa-gift-matching
https://www.kaggle.com/paulorzp/run-length-encode-and-decode,D://crw_data//np.concatenate\source7,carvana-image-masking-challenge
https://www.kaggle.com/happycube/python-ver-of-group-1-and-date-trick,D://crw_data//np.full\source28,predicting-red-hat-business-value
https://www.kaggle.com/inversion/pls-visualization-2,D://crw_data//np.unique\source27,santander-customer-satisfaction
https://www.kaggle.com/ghozlan/traincsv-numonly-py,D://crw_data//np.where\source103,caterpillar-tube-pricing
https://www.kaggle.com/ashhafez/fast-map-function,D://crw_data//np.where\source149,outbrain-click-prediction
https://www.kaggle.com/inversion/visualizing-class-distance,D://crw_data//np.where\source26,otto-group-product-classification-challenge
https://www.kaggle.com/reyhaneh/titanic-s,D://crw_data//np.where\source89,titanic
https://www.kaggle.com/nkdxczh/test-py,D://crw_data//np.where\source91,bosch-production-line-performance
https://www.kaggle.com/randxie/genetic-algorithm-for-feature-selection,D://crw_data//np.argsort\source120,santander-customer-satisfaction
https://www.kaggle.com/netguyhyun/netguytest,D://crw_data//np.argsort\source78,digit-recognizer
https://www.kaggle.com/ckenlam/talkingdata-retry,D://crw_data//np.arange\source143,talkingdata-adtracking-fraud-detection
https://www.kaggle.com/brandao/grid-knn-mins,D://crw_data//np.argsort\source118,facebook-v-predicting-check-ins
https://www.kaggle.com/apapiu/grid-knn-mins,D://crw_data//np.argsort\source148,facebook-v-predicting-check-ins
https://www.kaggle.com/loikaggle/grid-knn-mins,D://crw_data//np.argsort\source188,facebook-v-predicting-check-ins
https://www.kaggle.com/loikaggle/grid-knn,D://crw_data//np.argsort\source189,facebook-v-predicting-check-ins
https://www.kaggle.com/balajibi/entry-solution-fb-bi,D://crw_data//np.argsort\source47,facebook-v-predicting-check-ins
https://www.kaggle.com/sundong/test-sdk,D://crw_data//np.argsort\source84,facebook-v-predicting-check-ins
https://www.kaggle.com/starwar/newbee,D://crw_data//np.argsort\source86,facebook-v-predicting-check-ins
https://www.kaggle.com/svpons/grid-knn,D://crw_data//np.argsort\source97,facebook-v-predicting-check-ins
https://www.kaggle.com/yekenot/toxic-regression,D://crw_data//df.fillna\source3,jigsaw-toxic-comment-classification-challenge
https://www.kaggle.com/ogrellier/xgb-classifier-upsampling-lb-0-283,D://crw_data//df.iloc\source2,porto-seguro-safe-driver-prediction
https://www.kaggle.com/ymatioun/hoh-only-scaled,D://crw_data//df.iloc\source31,costa-rican-household-poverty-prediction
https://www.kaggle.com/srogovtsev/a-simple-demo-of-sklearn-pipelines,D://crw_data//df.iloc\source79,catch-me-if-you-can-intruder-detection-through-webpage-session-tracking2
https://www.kaggle.com/brandao/test-6,D://crw_data//df.apply\source107,kobe-bryant-shot-selection
https://www.kaggle.com/brandao/test-4,D://crw_data//df.apply\source108,kobe-bryant-shot-selection
https://www.kaggle.com/company/kbss-1,D://crw_data//df.apply\source109,kobe-bryant-shot-selection
https://www.kaggle.com/huangweijie/kobe-bryant,D://crw_data//df.apply\source58,kobe-bryant-shot-selection
https://www.kaggle.com/brandao/winner-script,D://crw_data//df.apply\source71,kobe-bryant-shot-selection
https://www.kaggle.com/brandao/test-7,D://crw_data//df.apply\source78,kobe-bryant-shot-selection
https://www.kaggle.com/brandao/teste-5,D://crw_data//df.apply\source90,kobe-bryant-shot-selection
https://www.kaggle.com/jaycb26/xgbryant,D://crw_data//pd.crosstab\source40,kobe-bryant-shot-selection
https://www.kaggle.com/sauravkaushik8/pandas2libffm,D://crw_data//df.iterrows\source11,outbrain-click-prediction
https://www.kaggle.com/mpearmain/pandas2libffm,D://crw_data//df.iterrows\source2,outbrain-click-prediction
https://www.kaggle.com/mingpeiyu/stacking-test-sklearn-xgboost-catboost-lightgbm,D://crw_data//np.concatenate\source64,home-credit-default-risk
https://www.kaggle.com/scirpus/libffm-generator-for-baris-kanbar-stuff,D://crw_data//df.at\source20,talkingdata-adtracking-fraud-detection
https://www.kaggle.com/thebear19/house-prices-with-ridge-and-xgboost,D://crw_data//pd.read_csv\source1326,house-prices-advanced-regression-techniques
https://www.kaggle.com/abhisheksharma26jan/zillowabhishek,D://crw_data//df.fillna\source13,zillow-prize-1
https://www.kaggle.com/yassinealouini/features-processing,D://crw_data//df.merge\source22,predicting-red-hat-business-value
https://www.kaggle.com/vgediger/try1def,D://crw_data//np.abs\source66,rossmann-store-sales
https://www.kaggle.com/kranthisai/kranthi,D://crw_data//np.arange\source114,crowdflower-search-relevance
https://www.kaggle.com/nikitabu/tfidf-lightgbm-pipeline-with-randomsearchcv,D://crw_data//np.arange\source265,jigsaw-toxic-comment-classification-challenge
https://www.kaggle.com/vascovv/positive-traps-per-week,D://crw_data//pd.read_csv\source3047,predict-west-nile-virus
https://www.kaggle.com/iasiam/doc2vec-with-xgboost-text-only,D://crw_data//pd.read_csv\source3237,msk-redefining-cancer-treatment
https://www.kaggle.com/jsaadani/simple-ridge-regression-in-python,D://crw_data//df.iloc\source21,house-prices-advanced-regression-techniques
https://www.kaggle.com/tunguz/xgb-5fold-upsampling-no-stratification,D://crw_data//df.iloc\source22,porto-seguro-safe-driver-prediction
https://www.kaggle.com/sandeshak/home-credit-default-with-lgbm,D://crw_data//df.iloc\source38,home-credit-default-risk
https://www.kaggle.com/davidecremonapoli/digit-test,D://crw_data//df.iloc\source45,digit-recognizer
https://www.kaggle.com/kvaradi94/masodik-feladat,D://crw_data//df.iloc\source60,grupo-bimbo-inventory-demand
https://www.kaggle.com/nikolayburlutskiy/xgboost-in-python-0-83x,D://crw_data//df.iloc\source87,santander-customer-satisfaction
https://www.kaggle.com/overfit/exploring-random-forest-on-a-grid,D://crw_data//df.loc\source64,facebook-v-predicting-check-ins
https://www.kaggle.com/mubashir44/simple-ann-implementation,D://crw_data//df.merge\source81,zillow-prize-1
https://www.kaggle.com/shkabko/lexical-encoding-feature-comb,D://crw_data//np.abs\source108,allstate-claims-severity
https://www.kaggle.com/soutou/first-model-lb-46-3,D://crw_data//np.abs\source96,web-traffic-time-series-forecasting
https://www.kaggle.com/xingobar/classify-group,D://crw_data//np.append\source15,predicting-red-hat-business-value
https://www.kaggle.com/arjundatt/trial1,D://crw_data//df.at\source14,home-depot-product-search-relevance
https://www.kaggle.com/wangquan/test1,D://crw_data//np.argmax\source76,ghouls-goblins-and-ghosts-boo
https://www.kaggle.com/darrellulm/feature-elimination-another-test-run,D://crw_data//np.array\source1124,mercedes-benz-greener-manufacturing
https://www.kaggle.com/powell314/first-attempt-at-non-titanic,D://crw_data//np.array\source631,expedia-hotel-recommendations
https://www.kaggle.com/sergeyzlobin/lightgbm-on-raw-images-5-fold,D://crw_data//np.array\source720,beta-beta-decay-identification
https://www.kaggle.com/act444/lb-0-158-xgb-handcrafted-leaky,D://crw_data//np.array\source724,quora-question-pairs
https://www.kaggle.com/alijs1/very-simple-sorting-one-liner-baseline,D://crw_data//np.concatenate\source196,traveling-santa-2018-prime-paths
https://www.kaggle.com/cttsai/ensemble-of-lightgbm-on-different-distributions,D://crw_data//np.zeros\source141,microsoft-malware-prediction
https://www.kaggle.com/dishajindal/forestcover-py,D://crw_data//pd.concat\source1088,forest-cover-type-prediction
https://www.kaggle.com/gvyshnya/gbm-4-fold-cv-ohe-lb-0-505,D://crw_data//pd.concat\source125,recruit-restaurant-visitor-forecasting
https://www.kaggle.com/nickel/bracket-pricing-variable-and-fixed-cost,D://crw_data//pd.concat\source195,caterpillar-tube-pricing
https://www.kaggle.com/leonardocardoso/braga-alg-tests,D://crw_data//df.iloc\source56,allstate-claims-severity
https://www.kaggle.com/chrisgundling/feature-visualization-with-matplotlib,D://crw_data//np.append\source11,facebook-v-predicting-check-ins
https://www.kaggle.com/jiazhuang/forked-lightgbm-msft-malware-predictor,D://crw_data//np.zeros\source142,microsoft-malware-prediction
https://www.kaggle.com/shubham219/a-basic-starting-with-random-forest,D://crw_data//pd.concat\source150,donorschoose-application-screening
https://www.kaggle.com/inverse1/competition,D://crw_data//pd.concat\source511,sberbank-russian-housing-market
https://www.kaggle.com/vicbap/digitrecon,D://crw_data//df.iloc\source54,digit-recognizer
https://www.kaggle.com/tunguz/xgb-20fold-classifier-upsampling,D://crw_data//df.iloc\source66,porto-seguro-safe-driver-prediction
https://www.kaggle.com/oysiyl/good-fun-with-ligthgbm,D://crw_data//df.iloc\source7,home-credit-default-risk
https://www.kaggle.com/tunguz/xgb-10fold-classifier-upsampling,D://crw_data//df.iloc\source75,porto-seguro-safe-driver-prediction
https://www.kaggle.com/zahedi/first-xgb,D://crw_data//df.iloc\source8,home-credit-default-risk
https://www.kaggle.com/tunguz/xgb-20fold-upsampling-no-stratification,D://crw_data//df.iloc\source84,porto-seguro-safe-driver-prediction
https://www.kaggle.com/gregory711/good-fun-with-ligthgbm,D://crw_data//df.iloc\source88,home-credit-default-risk
https://www.kaggle.com/tunguz/xgb-10fold-upsampling-no-stratification,D://crw_data//df.iloc\source89,porto-seguro-safe-driver-prediction
https://www.kaggle.com/tunguz/xgb-25fold-classifier-upsampling,D://crw_data//df.iloc\source90,porto-seguro-safe-driver-prediction
https://www.kaggle.com/irrwitz/randomforest,D://crw_data//df.iloc\source95,digit-recognizer
https://www.kaggle.com/jsaguiar/lightgbm-with-simple-features,D://crw_data//df.join\source1,home-credit-default-risk
https://www.kaggle.com/danofer/fork-lightgbm-with-simple-features-oof-preds,D://crw_data//df.join\source10,home-credit-default-risk
https://www.kaggle.com/cttsai/good-fun-with-ligthgbm-trial,D://crw_data//df.join\source11,home-credit-default-risk
https://www.kaggle.com/ogrellier/lighgbm-with-selected-features,D://crw_data//df.join\source2,home-credit-default-risk
https://www.kaggle.com/dromosys/fork-of-fork-lightgbm-with-simple-features-cee847,D://crw_data//df.join\source3,home-credit-default-risk
https://www.kaggle.com/poohtls/fork-of-fork-lightgbm-with-simple-features,D://crw_data//df.join\source4,home-credit-default-risk
https://www.kaggle.com/tunguz/xgb-simple-features,D://crw_data//df.join\source43,home-credit-default-risk
https://www.kaggle.com/znyksh/fork-lightgbm-with-simple-features,D://crw_data//df.join\source47,home-credit-default-risk
https://www.kaggle.com/lumaxy/adversarial-with-feature-importance,D://crw_data//df.join\source49,home-credit-default-risk
https://www.kaggle.com/kageyama/addnewfeature-lightgbm-with-simple-features,D://crw_data//df.join\source50,home-credit-default-risk
https://www.kaggle.com/zhixing629/updated-0-792-lb-4extfeatures,D://crw_data//df.join\source59,home-credit-default-risk
https://www.kaggle.com/morningbitefan/titanic-uses-rf-and-ann,D://crw_data//df.loc\source114,titanic
https://www.kaggle.com/rafaelvleite/titanic-machine-learning-random-forest,D://crw_data//df.loc\source125,titanic
https://www.kaggle.com/ymatioun/pubg-multiple-pass-lightgbm-ranks,D://crw_data//df.iloc\source19,pubg-finish-placement-prediction
https://www.kaggle.com/gpreda/elo-world-high-score-without-blending,D://crw_data//df.iloc\source3,elo-merchant-category-recommendation
https://www.kaggle.com/georsara1/lightgbm-all-tables-included-0-778,D://crw_data//df.iloc\source6,home-credit-default-risk
https://www.kaggle.com/scirpus/lexical-encoding-with-xgb,D://crw_data//np.abs\source12,allstate-claims-severity
https://www.kaggle.com/xingobar/simple-xgboost-1120-769,D://crw_data//np.abs\source60,allstate-claims-severity
https://www.kaggle.com/muonneutrino/median-with-validation-lb-47-3,D://crw_data//np.abs\source99,web-traffic-time-series-forecasting
https://www.kaggle.com/supchanda08kol50/titanic-preliminary-by-supratik,D://crw_data//np.append\source19,titanic
https://www.kaggle.com/williamqzc/without-leak-8-31,D://crw_data//np.append\source29,predicting-red-hat-business-value
https://www.kaggle.com/chrisgundling/anyone-else-try-using-svm,D://crw_data//np.append\source31,facebook-v-predicting-check-ins
https://www.kaggle.com/chirz8/cjk1404-1,D://crw_data//df.at\source16,home-depot-product-search-relevance
https://www.kaggle.com/shuvayan/rf-attr,D://crw_data//df.at\source19,home-depot-product-search-relevance
https://www.kaggle.com/wenxuanchen/sklearn-random-forest,D://crw_data//df.at\source2,home-depot-product-search-relevance
https://www.kaggle.com/khaledfayed/rf-mean-squared-error,D://crw_data//df.at\source23,home-depot-product-search-relevance
https://www.kaggle.com/raghparihar/rf-mean-squared-e,D://crw_data//df.at\source28,home-depot-product-search-relevance
https://www.kaggle.com/xingobar/simple-random-forest,D://crw_data//df.at\source6,home-depot-product-search-relevance
https://www.kaggle.com/justfor/homedepot-playground,D://crw_data//df.at\source9,home-depot-product-search-relevance
https://www.kaggle.com/gvyshnya/gbm-cv-submission-lb-28,D://crw_data//df.fillna\source54,porto-seguro-safe-driver-prediction
https://www.kaggle.com/itodorovic/boxcox-ed,D://crw_data//df.iloc\source101,allstate-claims-severity
https://www.kaggle.com/mlisovyi/modular-good-fun-with-ligthgbm,D://crw_data//df.iloc\source12,home-credit-default-risk
https://www.kaggle.com/ijkilchenko/python-ver-of-group-1-and-date-trick,D://crw_data//np.append\source35,predicting-red-hat-business-value
https://www.kaggle.com/heaviside9/passive-aggressive-with-kernel-approximation,D://crw_data//np.arange\source160,digit-recognizer
https://www.kaggle.com/volody/modified-tensorflow-mnist-sample,D://crw_data//np.arange\source181,digit-recognizer
https://www.kaggle.com/magneto77/digit-learning,D://crw_data//np.arange\source182,digit-recognizer
https://www.kaggle.com/ievgenvp/lgbm-custom-randomizedsearchcv-lb-283,D://crw_data//np.arange\source257,porto-seguro-safe-driver-prediction
https://www.kaggle.com/rakhlin/ultra-fast-grid-knn-model,D://crw_data//np.arange\source339,facebook-v-predicting-check-ins
https://www.kaggle.com/dishajindal/svc-rbf-pca,D://crw_data//np.arange\source371,digit-recognizer
https://www.kaggle.com/dishajindal/linear-svc,D://crw_data//np.arange\source372,digit-recognizer
https://www.kaggle.com/garnetreds7/xgbclassifier,D://crw_data//np.arange\source382,digit-recognizer
https://www.kaggle.com/harshitsaini/knn-kernel,D://crw_data//np.arange\source96,digit-recognizer
https://www.kaggle.com/circledan/kernelbedf88cfa3,D://crw_data//np.arange\source99,titanic
https://www.kaggle.com/rafaelvleite/porto-seguro-s-safe-drive-prediction-ann,D://crw_data//np.argmax\source56,porto-seguro-safe-driver-prediction
https://www.kaggle.com/gvyshnya/lightgbm-cv-submission-lb-0-28,D://crw_data//np.argsort\source126,porto-seguro-safe-driver-prediction
https://www.kaggle.com/aharless/xgboost-without-outliers-tweak,D://crw_data//np.array\source1028,zillow-prize-1
https://www.kaggle.com/vihangpatil/allstate-xgboost,D://crw_data//np.array\source1158,allstate-claims-severity
https://www.kaggle.com/ekethio/solution,D://crw_data//np.array\source1163,titanic
https://www.kaggle.com/aliajouz/xgb-model,D://crw_data//np.array\source1176,allstate-claims-severity
https://www.kaggle.com/lionalio/recognizer,D://crw_data//np.array\source1193,digit-recognizer
https://www.kaggle.com/hitanshupande/bias-correction-xgboost,D://crw_data//np.array\source1198,allstate-claims-severity
https://www.kaggle.com/zhugds/try-gamma,D://crw_data//np.array\source1199,allstate-claims-severity
https://www.kaggle.com/mattvonrohr/stacking-starter,D://crw_data//np.array\source1200,allstate-claims-severity
https://www.kaggle.com/tunguz/yet-another-xgb-starter,D://crw_data//np.array\source1201,allstate-claims-severity
https://www.kaggle.com/abhilashawasthi/stacking-starter,D://crw_data//np.array\source244,allstate-claims-severity
https://www.kaggle.com/neilnitin/using-xgboost,D://crw_data//np.array\source296,zillow-prize-1
https://www.kaggle.com/pedram/my-test1,D://crw_data//np.array\source318,allstate-claims-severity
https://www.kaggle.com/madjack/crappy,D://crw_data//np.array\source332,santander-customer-satisfaction
https://www.kaggle.com/mmueller/stacking-starter,D://crw_data//np.array\source365,allstate-claims-severity
https://www.kaggle.com/ken8aisa/house-price,D://crw_data//np.array\source377,house-prices-advanced-regression-techniques
https://www.kaggle.com/dglindner2/svc-tuned-prediction,D://crw_data//np.array\source404,titanic
https://www.kaggle.com/sohamagrawal/house-prices-1,D://crw_data//np.array\source441,house-prices-advanced-regression-techniques
https://www.kaggle.com/aravanshad/hp-cruncher,D://crw_data//np.array\source508,house-prices-advanced-regression-techniques
https://www.kaggle.com/aepereira/testy-test,D://crw_data//np.array\source580,allstate-claims-severity
https://www.kaggle.com/agolovan/new-data,D://crw_data//np.array\source599,titanic
https://www.kaggle.com/prashantkikani/home-rf-et-xgb-cb-stack-oof-lb-0-778,D://crw_data//np.array\source60,home-credit-default-risk
https://www.kaggle.com/ec1301124/assignment2,D://crw_data//np.array\source654,digit-recognizer
https://www.kaggle.com/leexiongan/ensemble-weights-by-markov-chain-monte-carlo,D://crw_data//np.array\source797,allstate-claims-severity
https://www.kaggle.com/aliajouz/singel-model-lb-1117,D://crw_data//np.array\source842,allstate-claims-severity
https://www.kaggle.com/tilii7/recursive-feature-elimination,D://crw_data//np.array\source872,allstate-claims-severity
https://www.kaggle.com/adarshchavakula/out-of-fold-oof-model-cross-validation,D://crw_data//np.array\source93,santander-value-prediction-challenge
https://www.kaggle.com/zfturbo/singel-model-lb-1117,D://crw_data//np.array\source953,allstate-claims-severity
https://www.kaggle.com/manels/xgb-10-features,D://crw_data//np.array\source956,santander-customer-satisfaction
https://www.kaggle.com/dkozyr/xgb-quick-hack,D://crw_data//np.clip\source46,bnp-paribas-cardif-claims-management
https://www.kaggle.com/jsanch/learning-ml-with-kaggle,D://crw_data//np.concatenate\source114,titanic
https://www.kaggle.com/durgapd/titanic-my-first,D://crw_data//np.concatenate\source116,titanic
https://www.kaggle.com/scirpus/gp-fun,D://crw_data//np.concatenate\source237,digit-recognizer
https://www.kaggle.com/legorreta/first-model-lightgbm,D://crw_data//np.concatenate\source44,home-credit-default-risk
https://www.kaggle.com/gzgzgz/recognition-with-image-preprocessing,D://crw_data//np.ones\source67,digit-recognizer
https://www.kaggle.com/cast42/xgboost-with-early-stopping,D://crw_data//np.sum\source14,santander-customer-satisfaction
https://www.kaggle.com/cast42/select-features-rfecv,D://crw_data//np.sum\source229,santander-customer-satisfaction
https://www.kaggle.com/harshitsaini/dimensionalty-reduction-pca-lda,D://crw_data//np.sum\source61,digit-recognizer
https://www.kaggle.com/mohdatir/xgboost-with-early-stopping,D://crw_data//np.sum\source86,santander-customer-satisfaction
https://www.kaggle.com/anujkh/prog-pyth2,D://crw_data//np.unique\source213,allstate-claims-severity
https://www.kaggle.com/nitink12/prog-pyth2,D://crw_data//np.unique\source98,allstate-claims-severity
https://www.kaggle.com/cast42/t-sne-manifold-visualisation,D://crw_data//np.where\source125,santander-customer-satisfaction
https://www.kaggle.com/vchiluvuri/py-titanic-ml-from-disaster,D://crw_data//np.where\source30,titanic
https://www.kaggle.com/jianghuiying/titanic-0-8294,D://crw_data//np.where\source73,titanic
https://www.kaggle.com/jianghuiying/titanic-demo2-xgboost,D://crw_data//np.where\source75,titanic
https://www.kaggle.com/johannesss/stacking-lightgbm-with-logisticregression,D://crw_data//np.zeros\source137,porto-seguro-safe-driver-prediction
https://www.kaggle.com/ogrellier/santander-46-features,D://crw_data//np.zeros\source14,santander-value-prediction-challenge
https://www.kaggle.com/ogrellier/good-fun-with-ligthgbm,D://crw_data//np.zeros\source2,home-credit-default-risk
https://www.kaggle.com/vecxoz/test1128,D://crw_data//np.zeros\source406,allstate-claims-severity
https://www.kaggle.com/abhilashawasthi/first-lightgbm,D://crw_data//np.zeros\source73,home-credit-default-risk
https://www.kaggle.com/raghav582/kernel209389f3ed,D://crw_data//np.zeros\source742,house-prices-advanced-regression-techniques
https://www.kaggle.com/sishihara/simple-lightgbm-kfold,D://crw_data//np.zeros\source87,home-credit-default-risk
https://www.kaggle.com/amazone/lightgbm-regressor,D://crw_data//df.apply\source20,nyc-taxi-trip-duration
https://www.kaggle.com/lifepreserver/simple-sklearn-randomforestclassifier,D://crw_data//df.fillna\source65,prudential-life-insurance-assessment
https://www.kaggle.com/qqgeogor/xgboost-benchmark,D://crw_data//np.arange\source403,shelter-animal-outcomes
https://www.kaggle.com/saurabh2086/whatscooking-new,D://crw_data//np.array\source1074,whats-cooking
https://www.kaggle.com/opanichev/simple-xgb,D://crw_data//np.array\source118,mercedes-benz-greener-manufacturing
https://www.kaggle.com/pappukrjha/data-exploration,D://crw_data//np.unique\source183,airbnb-recruiting-new-user-bookings
https://www.kaggle.com/vishreddy/mnist-baseline-with-mlpclassifier,D://crw_data//pd.concat\source428,digit-recognizer
https://www.kaggle.com/johnsavageireland/first-pass-analysis,D://crw_data//pd.read_csv\source1086,facebook-v-predicting-check-ins
https://www.kaggle.com/nimz911/titanic-logisticregression,D://crw_data//df.fillna\source23,titanic
https://www.kaggle.com/techaware/quora-1,D://crw_data//df.query\source1,quora-question-pairs
https://www.kaggle.com/gauss256/preprocess-images,D://crw_data//np.abs\source93,dogs-vs-cats-redux-kernels-edition
https://www.kaggle.com/uj2295/xgboost-for-compset,D://crw_data//np.arange\source136,expedia-hotel-recommendations
https://www.kaggle.com/etherqua/airbnbdemo,D://crw_data//np.argsort\source37,airbnb-recruiting-new-user-bookings
https://www.kaggle.com/returnofsputnik/fork-of-judaism-v5,D://crw_data//np.array\source267,traveling-santa-2018-prime-paths
https://www.kaggle.com/mellon/sklearn-ada,D://crw_data//np.arange\source395,talkingdata-mobile-user-demographics
https://www.kaggle.com/cbrioso/lightgbm-with-cv,D://crw_data//df.fillna\source61,favorita-grocery-sales-forecasting
https://www.kaggle.com/bigdit/test00000,D://crw_data//df.ix\source14,titanic
https://www.kaggle.com/code1110/titanic-model-prediction-submission,D://crw_data//df.loc\source81,titanic
https://www.kaggle.com/lionalio/titanicprediction,D://crw_data//np.argsort\source80,titanic
https://www.kaggle.com/jackiezhao/xgboost-v2,D://crw_data//np.array\source506,titanic
https://www.kaggle.com/mthom031/test1,D://crw_data//np.sum\source122,titanic
https://www.kaggle.com/yhzjut/leyutestrun,D://crw_data//np.zeros\source305,titanic
https://www.kaggle.com/opjason/titanicsarita,D://crw_data//np.zeros\source310,titanic
https://www.kaggle.com/dishajindal/script2-py,D://crw_data//pd.concat\source1091,titanic
https://www.kaggle.com/dishajindal/script-py,D://crw_data//pd.concat\source372,titanic
https://www.kaggle.com/melisbiyikli/titanic-data-sets,D://crw_data//pd.concat\source571,titanic
https://www.kaggle.com/scirpus/genetic-programming-2,D://crw_data//np.abs\source90,bnp-paribas-cardif-claims-management
https://www.kaggle.com/scirpus/benouilli-naive-bayes,D://crw_data//np.unique\source20,bnp-paribas-cardif-claims-management
https://www.kaggle.com/anilcs/et-classifier,D://crw_data//np.unique\source60,bnp-paribas-cardif-claims-management
https://www.kaggle.com/fzhurd/titanic-suvive20160924v4,D://crw_data//pd.concat\source1118,titanic
https://www.kaggle.com/saurabhp75/titanicexcercise1,D://crw_data//pd.concat\source350,titanic
https://www.kaggle.com/hubifeng/jack-japan-s-python-version,D://crw_data//pd.concat\source863,recruit-restaurant-visitor-forecasting
https://www.kaggle.com/animatruth/my-first-kernel-with-neural-networks-sandbox,D://crw_data//pd.read_csv\source1534,titanic
https://www.kaggle.com/gregmp75/test-greg-titanic,D://crw_data//pd.read_csv\source1599,titanic
https://www.kaggle.com/illusorytime/titanic-machine-learning-from-disaster,D://crw_data//pd.read_csv\source1684,titanic
https://www.kaggle.com/rcodin/trying,D://crw_data//pd.read_csv\source1695,outbrain-click-prediction
https://www.kaggle.com/majowkam/tutorial,D://crw_data//pd.read_csv\source1723,titanic
https://www.kaggle.com/ablange/titaic-lange,D://crw_data//pd.read_csv\source1730,titanic
https://www.kaggle.com/pierrealexis/my-first-competition-titanic,D://crw_data//pd.read_csv\source1811,titanic
https://www.kaggle.com/cttsai/xgb-voting-weighted-goblins,D://crw_data//pd.concat\source1104,ghouls-goblins-and-ghosts-boo
https://www.kaggle.com/woters/xgb-starter-12357,D://crw_data//df.apply\source73,quora-question-pairs
https://www.kaggle.com/scirpus/genetic-programming-ii-lb-0-662,D://crw_data//np.abs\source95,prudential-life-insurance-assessment
https://www.kaggle.com/michaelpawlus/testing-run-errors,D://crw_data//np.array\source336,prudential-life-insurance-assessment
https://www.kaggle.com/zeroblue/xgboost-with-optimized-offsets,D://crw_data//np.array\source44,prudential-life-insurance-assessment
