https://www.kaggle.com/aarotang/test-data, Liberty Mutual Group: Property Inspection Prediction
https://www.kaggle.com/aawadall/deep-neural-net, Digit Recognizer
https://www.kaggle.com/abbracadabra/digit-reckon, Digit Recognizer
https://www.kaggle.com/abdul002/digit-recogniser-using-keras, Digit Recognizer
https://www.kaggle.com/abhisheksharma26jan/zillowabhishek, Zillow Prize: Zillow¡¯s Home Value Prediction (Zestimate)
https://www.kaggle.com/abrierly/explore-titanic-python, Titanic - Machine Learning from Disaster
https://www.kaggle.com/abrierly/nn-approach, Titanic - Machine Learning from Disaster
https://www.kaggle.com/acyouzi/test-frist, TalkingData Mobile User Demographics
https://www.kaggle.com/adiamb/titanic-survival-my-way, Titanic - Machine Learning from Disaster
https://www.kaggle.com/adityakumarsinha/stacked-then-averaged-models-private-lb-0-554, Mercedes-Benz Greener Manufacturing
https://www.kaggle.com/adrianbureu/another-test, Titanic - Machine Learning from Disaster
https://www.kaggle.com/adrianspataru/first-submission, Titanic - Machine Learning from Disaster
https://www.kaggle.com/agarwalsneha/linear-svm-with-feature-engineering, Titanic - Machine Learning from Disaster
https://www.kaggle.com/aharless/jiwon-small-improvements-for-magic-number-results, Sberbank Russian Housing Market
https://www.kaggle.com/aharless/latest-iteration-in-this-silly-game, Sberbank Russian Housing Market
https://www.kaggle.com/aishijiang/titanic-2, Titanic - Machine Learning from Disaster
https://www.kaggle.com/aishijiang/titanic-3, Titanic - Machine Learning from Disaster
https://www.kaggle.com/akashdeepjassal/xgbboost, Porto Seguro¡¯s Safe Driver Prediction
https://www.kaggle.com/alabsinatheer/mercedes-benz-first-model-stacking-1, Mercedes-Benz Greener Manufacturing
https://www.kaggle.com/albytho/pubg-prediction-ann-implementation, PUBG Finish Placement Prediction (Kernels Only)
https://www.kaggle.com/albytho/pubp-prediction-linear-regresion, PUBG Finish Placement Prediction (Kernels Only)
https://www.kaggle.com/aleiken/beginner-xgboost, Costa Rican Household Poverty Level Prediction
https://www.kaggle.com/alepacheco/mnist-convolutional-99-0, Digit Recognizer
https://www.kaggle.com/alexai/competition1, Titanic - Machine Learning from Disaster
https://www.kaggle.com/alexai/competition2, Titanic - Machine Learning from Disaster
https://www.kaggle.com/alexai/competition3, Titanic - Machine Learning from Disaster
https://www.kaggle.com/alexai/competition4, Titanic - Machine Learning from Disaster
https://www.kaggle.com/alexai/competition5, Titanic - Machine Learning from Disaster
https://www.kaggle.com/alexeybubuka/time-series, Facebook V: Predicting Check Ins
https://www.kaggle.com/alexxanderlarko/bag-of-apps-keras-12-08-16-no-val, TalkingData Mobile User Demographics
https://www.kaggle.com/alexxanderlarko/extratreesclassifier, Homesite Quote Conversion
https://www.kaggle.com/alexxanderlarko/nnet-keras-10, TalkingData Mobile User Demographics
https://www.kaggle.com/alexxanderlarko/road-2-0-4-featureset, Bosch Production Line Performance
https://www.kaggle.com/alexxanderlarko/xgb-offset0501, Prudential Life Insurance Assessment
https://www.kaggle.com/algonell/2015-08-20, Springleaf Marketing Response
https://www.kaggle.com/alijs1/bag-of-apps-keras-11-08-16-no-val, TalkingData Mobile User Demographics
https://www.kaggle.com/alijs1/nnet-keras-10, TalkingData Mobile User Demographics
https://www.kaggle.com/alipala/ml-regressors-20-features, House Prices - Advanced Regression Techniques
https://www.kaggle.com/alpoza/test-titanic, Titanic - Machine Learning from Disaster
https://www.kaggle.com/amazone/lightgbm-regressor, New York City Taxi Trip Duration
https://www.kaggle.com/amielsy/second-script, House Prices - Advanced Regression Techniques
https://www.kaggle.com/amznit/rf-multilabel-framework-lb-0-022475, Santander Product Recommendation
https://www.kaggle.com/andrewlin1006/cs145-v1, Liberty Mutual Group: Property Inspection Prediction
https://www.kaggle.com/andriatrigeorgi/firsttesting, BNP Paribas Cardif Claims Management
https://www.kaggle.com/andywan/data-import, Titanic - Machine Learning from Disaster
https://www.kaggle.com/andyxie/titanic-xgboost, Titanic - Machine Learning from Disaster
https://www.kaggle.com/angadp/trying-for-top-10, Titanic - Machine Learning from Disaster
https://www.kaggle.com/anilcs/ectra-with-new-features, BNP Paribas Cardif Claims Management
https://www.kaggle.com/anilcs/et-classifier, BNP Paribas Cardif Claims Management
https://www.kaggle.com/anilkumarkuppa/extratreesclassifier-score-0-45911, BNP Paribas Cardif Claims Management
https://www.kaggle.com/anirban00727/titanic-survival-chances-prediction, Titanic - Machine Learning from Disaster
https://www.kaggle.com/anishanalytics/oscar-wala-actor-leo, Titanic - Machine Learning from Disaster
https://www.kaggle.com/anjuram25/titanic-ramanujamallam, Titanic - Machine Learning from Disaster
https://www.kaggle.com/ankurbhartiya/titanicpy2, Titanic - Machine Learning from Disaster
https://www.kaggle.com/anokas/beat-the-benchmark-0-54940, Predicting Red Hat Business Value
https://www.kaggle.com/anokas/extratreesoptimisation, BNP Paribas Cardif Claims Management
https://www.kaggle.com/anokas/gps-movement-map, TalkingData Mobile User Demographics
https://www.kaggle.com/anokas/sparse-xgboost-starter-2-26857, TalkingData Mobile User Demographics
https://www.kaggle.com/antoinekrajnc/house-prices-multiple-linear-regression, House Prices - Advanced Regression Techniques
https://www.kaggle.com/anuragupadhyaya/silly-silly-data, Sberbank Russian Housing Market
https://www.kaggle.com/apapiu/grid-knn-mins, Facebook V: Predicting Check Ins
https://www.kaggle.com/aquatic/entity-embedding-neural-net, Porto Seguro¡¯s Safe Driver Prediction
https://www.kaggle.com/aquatic/shallow-keras-nn-with-upsampling-27-lb, Porto Seguro¡¯s Safe Driver Prediction
https://www.kaggle.com/arthurlpgc/first-tests, Titanic - Machine Learning from Disaster
https://www.kaggle.com/artmario/primeirarede, Digit Recognizer
https://www.kaggle.com/aurouaw/tensorflow-mlp, Digit Recognizer
https://www.kaggle.com/azeembootwala/titanic-logistic-regression, Titanic - Machine Learning from Disaster
https://www.kaggle.com/azuralrainbow/summer, Sberbank Russian Housing Market
https://www.kaggle.com/b0untyhunter/xgboost-lasso, House Prices - Advanced Regression Techniques
https://www.kaggle.com/bacalfa/titanic-solution-utility-and-main-scripts, Titanic - Machine Learning from Disaster
https://www.kaggle.com/balajibi/entry-solution-fb-bi, Facebook V: Predicting Check Ins
https://www.kaggle.com/balajibi/facebook-solution-bi-1, Facebook V: Predicting Check Ins
https://www.kaggle.com/batzner/small-dataset-generator, Santa Gift Matching Challenge
https://www.kaggle.com/benhamner/fiddling2, pycon-2015-tutorial
https://www.kaggle.com/bguberfain/v22-classifier, BNP Paribas Cardif Claims Management
https://www.kaggle.com/bhavesh09/onemoremodel, Titanic - Machine Learning from Disaster
https://www.kaggle.com/bhavesh09/removing-all-bad-values, Sberbank Russian Housing Market
https://www.kaggle.com/bhavesh09/titanicsurvivalprediction, Titanic - Machine Learning from Disaster
https://www.kaggle.com/bhavesh302/xgb-onehot-encoding-lb-0-281, Porto Seguro¡¯s Safe Driver Prediction
https://www.kaggle.com/bhuvan93/deepl, Titanic - Machine Learning from Disaster
https://www.kaggle.com/bhuvan93/random-forest-classifier, Titanic - Machine Learning from Disaster
https://www.kaggle.com/bhuvan93/xgboost, Titanic - Machine Learning from Disaster
https://www.kaggle.com/bibhuti93/titanic-analysis-v1-0, Titanic - Machine Learning from Disaster
https://www.kaggle.com/bigdit/test00000, Titanic - Machine Learning from Disaster
https://www.kaggle.com/bineetranjan/gbt-classification, Titanic - Machine Learning from Disaster
https://www.kaggle.com/bineetranjan/titanic-problem-my-first-kaggle, Titanic - Machine Learning from Disaster
https://www.kaggle.com/bluepoplar/try-1, Titanic - Machine Learning from Disaster
https://www.kaggle.com/brajen259/pca-and-xgb, Santander Customer Satisfaction
https://www.kaggle.com/brandao/grid-knn-mins, Facebook V: Predicting Check Ins
https://www.kaggle.com/brandao/test-4, Kobe Bryant Shot Selection
https://www.kaggle.com/brandao/test-6, Kobe Bryant Shot Selection
https://www.kaggle.com/brandao/test-7, Kobe Bryant Shot Selection
https://www.kaggle.com/brandao/teste-5, Kobe Bryant Shot Selection
https://www.kaggle.com/brandao/winner-script, Kobe Bryant Shot Selection
https://www.kaggle.com/brandymat/titanic-kernel-test, Titanic - Machine Learning from Disaster
https://www.kaggle.com/bruceokallau/simple-knn-model-93-accurate, Digit Recognizer
https://www.kaggle.com/bschaefer/frequent-items-per-user-baseline-lb-0-30, Instacart Market Basket Analysis
https://www.kaggle.com/buzzolord/kappavoid-testing, Titanic - Machine Learning from Disaster
https://www.kaggle.com/bwboerman/a-quick-dive-into-h2o-with-python, Titanic - Machine Learning from Disaster
https://www.kaggle.com/caiomsouza/bag-of-apps-keras-11-08-16-no-val, TalkingData Mobile User Demographics
https://www.kaggle.com/canran/titanic-rf, Titanic - Machine Learning from Disaster
https://www.kaggle.com/careyai/san-fran-crime, San Francisco Crime Classification
https://www.kaggle.com/carloshuertas/lol-tell-me-more, Sberbank Russian Housing Market
https://www.kaggle.com/carmnejsu/feature-engineering-different-models, House Prices - Advanced Regression Techniques
https://www.kaggle.com/cast42/calibratedcv-xgboost, Santander Customer Satisfaction
https://www.kaggle.com/cast42/xgboost-example-python, Titanic - Machine Learning from Disaster
https://www.kaggle.com/cast42/xgboost-extra-features, Rossmann Store Sales
https://www.kaggle.com/cast42/xgboost-in-python-with-rmspe-v2, Rossmann Store Sales
https://www.kaggle.com/cbrioso/lightgbm-with-cv, Corporaci¨®n Favorita Grocery Sales Forecasting
https://www.kaggle.com/cesarboucas/oneclasssvm, Bosch Production Line Performance
https://www.kaggle.com/ceshine/pytorch-baseline-model, PUBG Finish Placement Prediction (Kernels Only)
https://www.kaggle.com/ceyarzam/sssss, Digit Recognizer
https://www.kaggle.com/cgallay/random-forest, Titanic - Machine Learning from Disaster
https://www.kaggle.com/chabir/extratreesclassifier-score-0-45-v5, BNP Paribas Cardif Claims Management
https://www.kaggle.com/chappy19910723/tutrial20180702-2, Titanic - Machine Learning from Disaster
https://www.kaggle.com/chechir/export-feats-kernel, Quora Question Pairs
https://www.kaggle.com/chechir/keras-on-labels-and-brands, TalkingData Mobile User Demographics
https://www.kaggle.com/chenhagn/test-1, Digit Recognizer
https://www.kaggle.com/chesters99/titanic-using-svm-classifierx, Titanic - Machine Learning from Disaster
https://www.kaggle.com/chriscc/xgb-cv, Liberty Mutual Group: Property Inspection Prediction
https://www.kaggle.com/chriscc/xgb-py, Liberty Mutual Group: Property Inspection Prediction
https://www.kaggle.com/chrisgundling/anyone-else-try-using-svm, Facebook V: Predicting Check Ins
https://www.kaggle.com/chrisgundling/feature-visualization-with-matplotlib, Facebook V: Predicting Check Ins
https://www.kaggle.com/cilliand/mnist-cnn, Digit Recognizer
https://www.kaggle.com/circledan/kernelbedf88cfa3, Titanic - Machine Learning from Disaster
https://www.kaggle.com/cjansen/magic-numbers-private-lb-0-31647, Sberbank Russian Housing Market
https://www.kaggle.com/ckenlam/talkingdata-retry, TalkingData AdTracking Fraud Detection Challenge
https://www.kaggle.com/clararnoux/titanic-not-failing, Titanic - Machine Learning from Disaster
https://www.kaggle.com/clustifier/7-weeks-mode-lb-51-5, Web Traffic Time Series Forecasting
https://www.kaggle.com/clustifier/8-weeks-median, Web Traffic Time Series Forecasting
https://www.kaggle.com/clustifier/python-median-long-weekend, Web Traffic Time Series Forecasting
https://www.kaggle.com/clustifier/weekend-weekdays, Web Traffic Time Series Forecasting
https://www.kaggle.com/cmadhok94/0-975-accuracy-2-hidden-layer-neural-net, Digit Recognizer
https://www.kaggle.com/code1110/titanic-model-prediction-submission, Titanic - Machine Learning from Disaster
https://www.kaggle.com/coltonpaul/lost-in-a-forest-titanic, Titanic - Machine Learning from Disaster
https://www.kaggle.com/company/facebook-pci, Facebook V: Predicting Check Ins
https://www.kaggle.com/company/kbss-1, Kobe Bryant Shot Selection
https://www.kaggle.com/computermage/test-titanic-survival-script, Titanic - Machine Learning from Disaster
https://www.kaggle.com/cookiepapa/house-prediction-with-lasso-top-10-score, House Prices - Advanced Regression Techniques
https://www.kaggle.com/cooleel/a-quick-try-of-h2o-automl-on-titanic-dataset, Titanic - Machine Learning from Disaster
https://www.kaggle.com/corgicoffee/kernelb4bd873fab, Titanic - Machine Learning from Disaster
https://www.kaggle.com/cttsai/xgb-trial-oct-08, House Prices - Advanced Regression Techniques
https://www.kaggle.com/cttsai/xgb-voting-weighted-goblins," Ghouls, Goblins, and Ghosts... Boo! "
https://www.kaggle.com/cxxacxx/have-a-try-2, House Prices - Advanced Regression Techniques
https://www.kaggle.com/daniglezl/main-1-py, Titanic - Machine Learning from Disaster
https://www.kaggle.com/daniglezl/main-5-py, Titanic - Machine Learning from Disaster
https://www.kaggle.com/daniglezl/main-py, Titanic - Machine Learning from Disaster
https://www.kaggle.com/danofer/python-integer-median-baseline-49-3, Web Traffic Time Series Forecasting
https://www.kaggle.com/danofer/xgb-onehot-encoding-lb-0-281, Porto Seguro¡¯s Safe Driver Prediction
https://www.kaggle.com/danyfang/mnist-competition, Digit Recognizer
https://www.kaggle.com/daskoo/titanic-test-python, Titanic - Machine Learning from Disaster
https://www.kaggle.com/davideng/homeprices, House Prices - Advanced Regression Techniques
https://www.kaggle.com/davideng/titanic-attempt-1-random-forest, Titanic - Machine Learning from Disaster
https://www.kaggle.com/davidfumo/python-median, Web Traffic Time Series Forecasting
https://www.kaggle.com/dearkafka/oscar-wala-actor, Titanic - Machine Learning from Disaster
https://www.kaggle.com/demesgal/magic-numbers, Sberbank Russian Housing Market
https://www.kaggle.com/demoonism/rf-multilabel-framework-lb-0-022475, Santander Product Recommendation
https://www.kaggle.com/devendramittal/randomforest, Liberty Mutual Group: Property Inspection Prediction
https://www.kaggle.com/devinanzelmo/component-cdf-s-and-sample-predictions, How Much Did It Rain?
https://www.kaggle.com/devinanzelmo/fiddling-with-xgb, How Much Did It Rain?
https://www.kaggle.com/devinodsa/titanic, Titanic - Machine Learning from Disaster
https://www.kaggle.com/dex314/magic-numbers-new-change-additional-vars, Sberbank Russian Housing Market
https://www.kaggle.com/dexter22/testing, Titanic - Machine Learning from Disaster
https://www.kaggle.com/dhey24/random-forest-classifier-with-new-features, Titanic - Machine Learning from Disaster
https://www.kaggle.com/dhey24/titanic-intro, Titanic - Machine Learning from Disaster
https://www.kaggle.com/director/simple-xgboost-0-46146, BNP Paribas Cardif Claims Management
https://www.kaggle.com/dish42/getting-started, Titanic - Machine Learning from Disaster
https://www.kaggle.com/dishajindal/linear-svc, Digit Recognizer
https://www.kaggle.com/dishajindal/script2-py, Titanic - Machine Learning from Disaster
https://www.kaggle.com/dishajindal/script-py, Titanic - Machine Learning from Disaster
https://www.kaggle.com/dishajindal/svc-rbf-pca, Digit Recognizer
https://www.kaggle.com/dkozyr/xgboost-tiny, BNP Paribas Cardif Claims Management
https://www.kaggle.com/dlyzer/k-nearest-neighbors, Crowdflower Search Results Relevance
https://www.kaggle.com/dollardollar/importance-of-address-features, San Francisco Crime Classification
https://www.kaggle.com/dollardollar/xgb-with-class-probabilities, TalkingData Mobile User Demographics
https://www.kaggle.com/drarfc/knn-accelerated-v3, Facebook V: Predicting Check Ins
https://www.kaggle.com/drarfc/script-competition-facebook-v-2-1, Facebook V: Predicting Check Ins
https://www.kaggle.com/drasko/1st-python-try-1, Digit Recognizer
https://www.kaggle.com/dreyxvx/titanic, Titanic - Machine Learning from Disaster
https://www.kaggle.com/dstefa01/extraoptimizedtree, BNP Paribas Cardif Claims Management
https://www.kaggle.com/dujianjun79/titanic-machine-learing, Titanic - Machine Learning from Disaster
https://www.kaggle.com/dvasyukova/predict-sales-with-pandas-py, Rossmann Store Sales
https://www.kaggle.com/ed25519/code-taken-from-xkcd-examples-showcase-xkcd-html, Introducing Kaggle Scripts
https://www.kaggle.com/edebrouwer/digit-classifier, Digit Recognizer
https://www.kaggle.com/einsqiang/test-delete, TalkingData Mobile User Demographics
https://www.kaggle.com/ekethio/titanic-second, Titanic - Machine Learning from Disaster
https://www.kaggle.com/elias22/kerneld8b44bc755, Random Acts of Pizza
https://www.kaggle.com/eliotbarr/gridsearch-vs-randomizedsearch-on-xgboostregressor, House Prices - Advanced Regression Techniques
https://www.kaggle.com/eliotbarr/stacking-starter, House Prices - Advanced Regression Techniques
https://www.kaggle.com/eponymous/weighted-models-example, House Prices - Advanced Regression Techniques
https://www.kaggle.com/etherqua/airbnbdemo, Airbnb New User Bookings
https://www.kaggle.com/ezyyyy/silly-silly-data, Sberbank Russian Housing Market
https://www.kaggle.com/fabiendaniel/set-optimal-weights-in-model-averaging-lb-0-283, Porto Seguro¡¯s Safe Driver Prediction
https://www.kaggle.com/feixiaoke/firsttry, Digit Recognizer
https://www.kaggle.com/felsiq/some-amateurish-full-titanic-data-process, Titanic - Machine Learning from Disaster
https://www.kaggle.com/fernandocruz/first-test, Leaf Classification
https://www.kaggle.com/fernandocruz/testetststs, Leaf Classification
https://www.kaggle.com/filatenkova/digit-read, Digit Recognizer
https://www.kaggle.com/flytosky/talking-data, TalkingData Mobile User Demographics
https://www.kaggle.com/forainychen/testsc, Titanic - Machine Learning from Disaster
https://www.kaggle.com/franckjay/easy-peasy-lemon-squeezy, Digit Recognizer
https://www.kaggle.com/francksylla/titanic-machine-learning-from-disaster, Titanic - Machine Learning from Disaster
https://www.kaggle.com/fromage0/testtest, Titanic - Machine Learning from Disaster
https://www.kaggle.com/fzhurd/titanic-suvive20160924v4, Titanic - Machine Learning from Disaster
https://www.kaggle.com/gaborfodor/last-week-1, Bosch Production Line Performance
https://www.kaggle.com/gaborfodor/last-week-xkcd, Expedia Hotel Recommendations
https://www.kaggle.com/ganliu/testwhy, Santander Customer Satisfaction
https://www.kaggle.com/ganliu/xgb-param, Santander Customer Satisfaction
https://www.kaggle.com/garethjns/microsoft-lightgbm-with-parameter-tuning-0-823, Titanic - Machine Learning from Disaster
https://www.kaggle.com/garnetreds7/xgbclassifier, Digit Recognizer
https://www.kaggle.com/gcshekar08/testing-without-correcting-the-data-leakage, Santander Value Prediction Challenge
https://www.kaggle.com/ghozlan/traincsv-numonly-py, Machinery Tube Pricing
https://www.kaggle.com/gilbar/visualizing-data, Santander Customer Satisfaction
https://www.kaggle.com/gilsonfaria/script3-title-dummies, Titanic - Machine Learning from Disaster
https://www.kaggle.com/gilsonfaria/script4-boolsibsp-parch, Titanic - Machine Learning from Disaster
https://www.kaggle.com/gilsonfaria/scriptfinal, Titanic - Machine Learning from Disaster
https://www.kaggle.com/gouxute1/xgboost-and-simple-data-cleaning, Santander Customer Satisfaction
https://www.kaggle.com/gravity/testing-1, Digit Recognizer
https://www.kaggle.com/gshguru/beating-the-benchmark-0-57, Crowdflower Search Results Relevance
https://www.kaggle.com/guillaumegg/titanic-machine-learning, Titanic - Machine Learning from Disaster
https://www.kaggle.com/gunjaagarwal/final-xgboost-try, Sberbank Russian Housing Market
https://www.kaggle.com/gunjan17/mytitanicsolution, Titanic - Machine Learning from Disaster
https://www.kaggle.com/gvyshnya/basic-prophet-ts-forecasting-framework, Recruit Restaurant Visitor Forecasting
https://www.kaggle.com/gvyshnya/gbm-cv-submission-lb-28, Porto Seguro¡¯s Safe Driver Prediction
https://www.kaggle.com/gvyshnya/lightgbm-cv-submission-lb-0-28, Porto Seguro¡¯s Safe Driver Prediction
https://www.kaggle.com/hakeem/stacked-then-averaged-models-0-5697, Mercedes-Benz Greener Manufacturing
https://www.kaggle.com/haphamhoang/ensemble-modeling-for-prediction-house-price, House Prices - Advanced Regression Techniques
https://www.kaggle.com/happycube/python-ver-of-group-1-and-date-trick, Predicting Red Hat Business Value
https://www.kaggle.com/happycube/scirpus-extreme-bayes-faron-36312, Bosch Production Line Performance
https://www.kaggle.com/happycube/simple-cv-example-one-feature-near-rf, BNP Paribas Cardif Claims Management
https://www.kaggle.com/harini5693/data-analysisusingpython, Titanic - Machine Learning from Disaster
https://www.kaggle.com/harshitsaini/clean-character-image, Digit Recognizer
https://www.kaggle.com/harshitsaini/kmeans-kernel, Digit Recognizer
https://www.kaggle.com/hatone/mlpclassifier-with-gridsearchcv, Titanic - Machine Learning from Disaster
https://www.kaggle.com/hawkinsliam/simple-random-forest, Titanic - Machine Learning from Disaster
https://www.kaggle.com/hazarapet/simple-train, Porto Seguro¡¯s Safe Driver Prediction
https://www.kaggle.com/hbajaj/nyc-taxi-fare-rfr-script, New York City Taxi Fare Prediction
https://www.kaggle.com/hcaiaa/my-first-rf, Titanic - Machine Learning from Disaster
https://www.kaggle.com/heaviside9/sklearn-linear-regression-benchmark, Prudential Life Insurance Assessment
https://www.kaggle.com/hehe91/sample, House Prices - Advanced Regression Techniques
https://www.kaggle.com/heibankeli/pca-knn, Digit Recognizer
https://www.kaggle.com/heibankeli/pca-svm1, Digit Recognizer
https://www.kaggle.com/hideki1234/neural-network, Digit Recognizer
https://www.kaggle.com/hongyupan/test1, Titanic - Machine Learning from Disaster
https://www.kaggle.com/huangweijie/kobe-bryant, Kobe Bryant Shot Selection
https://www.kaggle.com/hubifeng/jack-japan-s-python-version, Recruit Restaurant Visitor Forecasting
https://www.kaggle.com/iampotential/load-data-submission-attempt, Home Credit Default Risk
https://www.kaggle.com/iangarland/mnist, Digit Recognizer
https://www.kaggle.com/iasiam/doc2vec-with-xgboost-text-only, Personalized Medicine: Redefining Cancer Treatment
https://www.kaggle.com/ievgenvp/lgbm-custom-randomizedsearchcv-lb-283, Porto Seguro¡¯s Safe Driver Prediction
https://www.kaggle.com/inpefess/xgboost-in-python-with-rmspe, Rossmann Store Sales
https://www.kaggle.com/insaff/trees, BNP Paribas Cardif Claims Management
https://www.kaggle.com/inversion/pls-visualization-2, Santander Customer Satisfaction
https://www.kaggle.com/inversion/visualizing-class-distance, Otto Group Product Classification Challenge
https://www.kaggle.com/isaac7/talking-script1, TalkingData Mobile User Demographics
https://www.kaggle.com/isaac7/visualize-mnist, Digit Recognizer
https://www.kaggle.com/itwalker1618/testa, Titanic - Machine Learning from Disaster
https://www.kaggle.com/iviglious/teamysi-titanic-rf-a, Titanic - Machine Learning from Disaster
https://www.kaggle.com/iwasred/pubg-finish-placement-prediction-1, PUBG Finish Placement Prediction (Kernels Only)
https://www.kaggle.com/izzul02/age-gender-breed-and-name-vs-outcome, Shelter Animal Outcomes
https://www.kaggle.com/jackiezhao/xgboost-v2, Titanic - Machine Learning from Disaster
https://www.kaggle.com/janekk/xgboost-with-optimized-offsets, Prudential Life Insurance Assessment
https://www.kaggle.com/jasonbenner/adaboost-basic, Sberbank Russian Housing Market
https://www.kaggle.com/jasonbenner/lets-try-xgb10, Sberbank Russian Housing Market
https://www.kaggle.com/jasonbenner/ridge-regression-cv-tutorial, Sberbank Russian Housing Market
https://www.kaggle.com/jasonbenner/xgb-lets-try, Sberbank Russian Housing Market
https://www.kaggle.com/jasonbenner/xgb-lets-try-clean-2, Sberbank Russian Housing Market
https://www.kaggle.com/jaycb26/xgbryant, Kobe Bryant Shot Selection
https://www.kaggle.com/jbuchner/random-forest-97-7-stroke-features-gaps-knots, Digit Recognizer
https://www.kaggle.com/jeeban/gbm-trial, Crowdflower Search Results Relevance
https://www.kaggle.com/jeolas/id-survived, Titanic - Machine Learning from Disaster
https://www.kaggle.com/jeshugames2/classification-using-svm, Titanic - Machine Learning from Disaster
https://www.kaggle.com/jiangel/titanic-rf, Titanic - Machine Learning from Disaster
https://www.kaggle.com/joanfo/my-first-kernel, House Prices - Advanced Regression Techniques
https://www.kaggle.com/jojadud/titanic-exploration-1, Titanic - Machine Learning from Disaster
https://www.kaggle.com/journeycheng/script-py, Titanic - Machine Learning from Disaster
https://www.kaggle.com/joydeb28/kernel4ed1a2704a, House Prices - Advanced Regression Techniques
https://www.kaggle.com/joydeb28/svm-model-please-upvote, House Prices - Advanced Regression Techniques
https://www.kaggle.com/jsaguiar/lightgbm-with-simple-features, Home Credit Default Risk
https://www.kaggle.com/jsalas4/workshop, Titanic - Machine Learning from Disaster
https://www.kaggle.com/jtlowery/silly-silly-data, Sberbank Russian Housing Market
https://www.kaggle.com/jtson1213/titanic-decision-tree-classifier, Titanic - Machine Learning from Disaster
https://www.kaggle.com/judata/talkingdata-xgb-param-tuning-rdm-sampling, TalkingData AdTracking Fraud Detection Challenge
https://www.kaggle.com/jugglingjassi/data-analytics-kickoff-titanic-competition, Titanic - Machine Learning from Disaster
https://www.kaggle.com/justdoit/xgboost-in-python-with-rmspe, Rossmann Store Sales
https://www.kaggle.com/justfor/bench-stacked-generalization, Liberty Mutual Group: Property Inspection Prediction
https://www.kaggle.com/justinabel/prud-1, Prudential Life Insurance Assessment
https://www.kaggle.com/jvallej/agregaciones-previouse-applications, Home Credit Default Risk
https://www.kaggle.com/jzp2015011259/test-1, Digit Recognizer
https://www.kaggle.com/kageyama/addnewfeature-lightgbm-with-simple-features, Home Credit Default Risk
https://www.kaggle.com/kevins/models-war, Kobe Bryant Shot Selection
https://www.kaggle.com/kewalshah4/titanic-s-journey, Titanic - Machine Learning from Disaster
https://www.kaggle.com/khyh00/xkcd-style-test, Introducing Kaggle Scripts
https://www.kaggle.com/kmalev/randomforest-alternative-coding-example, Liberty Mutual Group: Property Inspection Prediction
https://www.kaggle.com/knageswara78/my-tatanic-python-solution, Titanic - Machine Learning from Disaster
https://www.kaggle.com/kobakhit/xgboost, Grupo Bimbo Inventory Demand
https://www.kaggle.com/kotaroito/titanic, Titanic - Machine Learning from Disaster
https://www.kaggle.com/kousukekikuchi/testabc, Titanic - Machine Learning from Disaster
https://www.kaggle.com/kranthisai/kranthi, Crowdflower Search Results Relevance
https://www.kaggle.com/kumareshd/chicken-momos-plate-1, TalkingData Mobile User Demographics
https://www.kaggle.com/kyleingraham/titanic-survivor-prediction, Titanic - Machine Learning from Disaster
https://www.kaggle.com/kyleingraham/titanic-survivor-prediction-scikit-learn, Titanic - Machine Learning from Disaster
https://www.kaggle.com/laiwh123/titanic, Titanic - Machine Learning from Disaster
https://www.kaggle.com/lancerts/combined, Crowdflower Search Results Relevance
https://www.kaggle.com/laparrala/first, Titanic - Machine Learning from Disaster
https://www.kaggle.com/ldavim/code01, Titanic - Machine Learning from Disaster
https://www.kaggle.com/leblondmorgan/titanic-machine-learning, Titanic - Machine Learning from Disaster
https://www.kaggle.com/lesibius/naive-bayes-time-only, San Francisco Crime Classification
https://www.kaggle.com/lesibius/time-only-sv, San Francisco Crime Classification
https://www.kaggle.com/letfoolsdie/beat-the-benchmark-0-54940, Predicting Red Hat Business Value
https://www.kaggle.com/lifengmiao/titanic, Titanic - Machine Learning from Disaster
https://www.kaggle.com/lifepreserver/simple-sklearn-randomforestclassifier, Prudential Life Insurance Assessment
https://www.kaggle.com/lindenlu/linden-titanic-script, Titanic - Machine Learning from Disaster
https://www.kaggle.com/lionalio/titanicprediction, Titanic - Machine Learning from Disaster
https://www.kaggle.com/lkirch/testingrossmanndata-ipynb, Rossmann Store Sales
https://www.kaggle.com/llexio/geneticprogramming, Titanic - Machine Learning from Disaster
https://www.kaggle.com/lllinger/crimedistribution-temporal-spatial, San Francisco Crime Classification
https://www.kaggle.com/loikaggle/grid-knn, Facebook V: Predicting Check Ins
https://www.kaggle.com/loikaggle/grid-knn-mins, Facebook V: Predicting Check Ins
https://www.kaggle.com/lolalola/miaowuwu, Sberbank Russian Housing Market
https://www.kaggle.com/longyangking/titantic, Titanic - Machine Learning from Disaster
https://www.kaggle.com/lostking91/titanic, Titanic - Machine Learning from Disaster
https://www.kaggle.com/luistangui/titanicpy, Titanic - Machine Learning from Disaster
https://www.kaggle.com/lumaxy/adversarial-with-feature-importance, Home Credit Default Risk
https://www.kaggle.com/lvraikkonen/logistic-model-using-scikit-learn, Titanic - Machine Learning from Disaster
https://www.kaggle.com/lzzzfelipe/titanic-modelling, Titanic - Machine Learning from Disaster
https://www.kaggle.com/madhurmd/bag-of-apps-keras-11-08-16-no-val, TalkingData Mobile User Demographics
https://www.kaggle.com/madhurmd/new-range, Mercedes-Benz Greener Manufacturing
https://www.kaggle.com/madraziw/mad-0721-1245, TalkingData Mobile User Demographics
https://www.kaggle.com/magicinside/welldone, Digit Recognizer
https://www.kaggle.com/maheshak04/xgb-with-nan-and-other-cleaning-25052017, Sberbank Russian Housing Market
https://www.kaggle.com/maheshak04/xgb-with-select-macro-features-07062017, Sberbank Russian Housing Market
https://www.kaggle.com/malais/searchresult-dataexploration, Crowdflower Search Results Relevance
https://www.kaggle.com/man4urheart/santander-alogrithm-mandeep, Santander Product Recommendation
https://www.kaggle.com/marbel/cat-random-forest, Machinery Tube Pricing
https://www.kaggle.com/marbel/keras-dummy-vars, Machinery Tube Pricing
https://www.kaggle.com/markominou/vacation, Web Traffic Time Series Forecasting
https://www.kaggle.com/maxibloba/hello, Titanic - Machine Learning from Disaster
https://www.kaggle.com/meeththakkar/perceptron-implementation, Titanic - Machine Learning from Disaster
https://www.kaggle.com/meeththakkar/titanic-randomforest-kfold-python, Titanic - Machine Learning from Disaster
https://www.kaggle.com/melisbiyikli/titanic-data-sets, Titanic - Machine Learning from Disaster
https://www.kaggle.com/mengkehu/titanic, Titanic - Machine Learning from Disaster
https://www.kaggle.com/michaelpawlus/testing-run-errors, Prudential Life Insurance Assessment
https://www.kaggle.com/mikeskim/logmean-imputation, Web Traffic Time Series Forecasting
https://www.kaggle.com/milivojevic/tweak-a-bit, TalkingData Mobile User Demographics
https://www.kaggle.com/mingpeiyu/stacking-test-sklearn-xgboost-catboost-lightgbm, Home Credit Default Risk
https://www.kaggle.com/mingruimingrui/top-3-hakeem-s-script-without-outlier-y-250, Mercedes-Benz Greener Manufacturing
https://www.kaggle.com/mjyang/testw, Titanic - Machine Learning from Disaster
https://www.kaggle.com/mknawara/simple-logistic-classifier, Toxic Comment Classification Challenge
https://www.kaggle.com/mkurnikov/modified-cos-similarity-python-edition, Coupon Purchase Prediction
https://www.kaggle.com/mldm16fe/mytest051603, Titanic - Machine Learning from Disaster
https://www.kaggle.com/mlisovyi/modular-good-fun-with-ligthgbm, Home Credit Default Risk
https://www.kaggle.com/mmueller/categorical-embedding-with-xgb, Allstate Claims Severity
https://www.kaggle.com/mmueller/f1-score-expectation-maximization-in-o-n, Instacart Market Basket Analysis
https://www.kaggle.com/mmueller/order-streaks-feature, Instacart Market Basket Analysis
https://www.kaggle.com/mnoguchi/titanic-pandas, Titanic - Machine Learning from Disaster
https://www.kaggle.com/mohdatir/trail, BNP Paribas Cardif Claims Management
https://www.kaggle.com/moichiaaron/numpynist-py, Digit Recognizer
https://www.kaggle.com/morninghapppy/first-python-scripy, Titanic - Machine Learning from Disaster
https://www.kaggle.com/mosa94/linear-regression-implementations, House Prices - Advanced Regression Techniques
https://www.kaggle.com/mrisdal/starter-kernel-python-script-1, Digit Recognizer
https://www.kaggle.com/mschou/titanic001, Titanic - Machine Learning from Disaster
https://www.kaggle.com/mshankarrao/svmpca-0-8-rbf, Digit Recognizer
https://www.kaggle.com/muhammadzaman/knn-argpartition-and-value-of-k, Otto Group Product Classification Challenge
https://www.kaggle.com/mukesh62/titanic-1913, Titanic - Machine Learning from Disaster
https://www.kaggle.com/muthu4all/recognize-the-number, Digit Recognizer
https://www.kaggle.com/mymkyt/simple-lasso-public-score-0-12102, House Prices - Advanced Regression Techniques
https://www.kaggle.com/nabilnobel/if-product-exists-in-last-4-order, Instacart Market Basket Analysis
https://www.kaggle.com/nagadomi/nearest-neighbor-search, Digit Recognizer
https://www.kaggle.com/naphat/titanic-dataset-machine-learning, Titanic - Machine Learning from Disaster
https://www.kaggle.com/naropian/narnar-test, House Prices - Advanced Regression Techniques
https://www.kaggle.com/naumanahm/nauman-attempt3-final, House Prices - Advanced Regression Techniques
https://www.kaggle.com/navaneeth51089/my-first-script, Titanic - Machine Learning from Disaster
https://www.kaggle.com/nbose2/tests, House Prices - Advanced Regression Techniques
https://www.kaggle.com/nemethpeter42/osztalyozas, Grupo Bimbo Inventory Demand
https://www.kaggle.com/nemethpeter42/valami, Grupo Bimbo Inventory Demand
https://www.kaggle.com/netguyhyun/netguytest, Digit Recognizer
https://www.kaggle.com/newhardwarefound/artificial-neural-network, Digit Recognizer
https://www.kaggle.com/nicapotato/tf-idf-text-only, DonorsChoose.org Application Screening
https://www.kaggle.com/nicapotato/tf-idf-xgboost, Toxic Comment Classification Challenge
https://www.kaggle.com/nicehuster/xgboost-lassomodel, House Prices - Advanced Regression Techniques
https://www.kaggle.com/nickydebeer/practice-predicting-house-prices, House Prices - Advanced Regression Techniques
https://www.kaggle.com/nightshade7/allstatetest, Allstate Claims Severity
https://www.kaggle.com/nikitabu/tfidf-lightgbm-pipeline-with-randomsearchcv, Toxic Comment Classification Challenge
https://www.kaggle.com/nikolayburlutskiy/modified-grid-knn, Facebook V: Predicting Check Ins
https://www.kaggle.com/niladri18/usinng-logistic-regression, Expedia Hotel Recommendations
https://www.kaggle.com/nilzone/lgbm-with-mean-encodings, Home Credit Default Risk
https://www.kaggle.com/nilzone/lightgbm, Home Credit Default Risk
https://www.kaggle.com/nishadi/breeds, Shelter Animal Outcomes
https://www.kaggle.com/nithin98/pubg-v5, PUBG Finish Placement Prediction (Kernels Only)
https://www.kaggle.com/nkdxczh/test-py, Bosch Production Line Performance
https://www.kaggle.com/nkhuyu/benck-mark-new-2-2-df, Crowdflower Search Results Relevance
https://www.kaggle.com/nolanhoney/nolan-honey-comp-3122-assignment-3, House Prices - Advanced Regression Techniques
https://www.kaggle.com/numberswithkartik/so-you-think-xgboost-will-work, Porto Seguro¡¯s Safe Driver Prediction
https://www.kaggle.com/ocaudevi/passanger-flow-mapping-properties, New York City Taxi Trip Duration
https://www.kaggle.com/octaviant/predictor1, Digit Recognizer
https://www.kaggle.com/ogrellier/multi-core-aggregations, PLAsTiCC Astronomical Classification
https://www.kaggle.com/ogrellier/plasticc-in-a-kernel-meta-and-data, PLAsTiCC Astronomical Classification
https://www.kaggle.com/ogrellier/xgb-classifier-upsampling-lb-0-283, Porto Seguro¡¯s Safe Driver Prediction
https://www.kaggle.com/olttwa/titanic-logistic-regression-v1, Titanic - Machine Learning from Disaster
https://www.kaggle.com/omarhosny/titanic, Titanic - Machine Learning from Disaster
https://www.kaggle.com/omijn1/titanic-survivor-prediction, Titanic - Machine Learning from Disaster
https://www.kaggle.com/opanichev/pandas-btb, Instacart Market Basket Analysis
https://www.kaggle.com/opanichev/simple-xgb, Mercedes-Benz Greener Manufacturing
https://www.kaggle.com/opjason/titanicsarita, Titanic - Machine Learning from Disaster
https://www.kaggle.com/outliar/flower, Crowdflower Search Results Relevance
https://www.kaggle.com/pakozm/python-tube-properties-and-rfs, Machinery Tube Pricing
https://www.kaggle.com/panpolikarp/housing-submission-0-12695, House Prices - Advanced Regression Techniques
https://www.kaggle.com/papadopc/neural-nets-and-address-featurization, San Francisco Crime Classification
https://www.kaggle.com/pappukrjha/data-exploration, Airbnb New User Bookings
https://www.kaggle.com/pappukrjha/log-reg-auc-98795, Toxic Comment Classification Challenge
https://www.kaggle.com/pappukrjha/rf-tfidf-word-char-lb-945, Toxic Comment Classification Challenge
https://www.kaggle.com/paso84/xgboost-in-python-with-rmspe, Rossmann Store Sales
https://www.kaggle.com/patrickjordan/random-forest, House Prices - Advanced Regression Techniques
https://www.kaggle.com/paullo0106/knn-accelerated-v3, Facebook V: Predicting Check Ins
https://www.kaggle.com/paulorzp/run-length-encode-and-decode, Carvana Image Masking Challenge
https://www.kaggle.com/paulorzp/xgb-mix-models-lb-0-31, Sberbank Russian Housing Market
https://www.kaggle.com/pedrolcn/deep-tensorflow-ccn-cross-validation, Digit Recognizer
https://www.kaggle.com/petrytsyn/test-script-py, House Prices - Advanced Regression Techniques
https://www.kaggle.com/peyo9164/simple-lasoo-script, House Prices - Advanced Regression Techniques
https://www.kaggle.com/philipkalinda/titanic-modelling, Titanic - Machine Learning from Disaster
https://www.kaggle.com/piotrtrochim/tensorflow-mnist-classifier, Digit Recognizer
https://www.kaggle.com/piplimoon/leaderboard-0-8134, Titanic - Machine Learning from Disaster
https://www.kaggle.com/plantsgo/solution-public-0-471-private-0-505, Recruit Restaurant Visitor Forecasting
https://www.kaggle.com/pnagel/keras-starter, Porto Seguro¡¯s Safe Driver Prediction
https://www.kaggle.com/poiss0nriot/bag-of-apps-keras-11-08-16-no-val, TalkingData Mobile User Demographics
https://www.kaggle.com/popupsert/titanic-my-first-kaggle, Titanic - Machine Learning from Disaster
https://www.kaggle.com/poslegm/pca-svm-97-8-accuracy, Digit Recognizer
https://www.kaggle.com/prajitdatta/titanic-disaster-survival-analysis-ml, Titanic - Machine Learning from Disaster
https://www.kaggle.com/prashantkikani/ensembling-has-always-been-the-answer, Santander Value Prediction Challenge
https://www.kaggle.com/prashantkikani/home-rf-et-xgb-cb-stack-oof1-lb-0-789, Home Credit Default Risk
https://www.kaggle.com/prototype96/mytest6, Digit Recognizer
https://www.kaggle.com/prudhviraj12/intro, Titanic - Machine Learning from Disaster
https://www.kaggle.com/prudhviraj12/script-101, Titanic - Machine Learning from Disaster
https://www.kaggle.com/ptr106/pconnolly-titanic, Titanic - Machine Learning from Disaster
https://www.kaggle.com/qqgeogor/xgboost-benchmark, Shelter Animal Outcomes
https://www.kaggle.com/qvajou/titanic-disaster-first-test, Titanic - Machine Learning from Disaster
https://www.kaggle.com/rakhlin/abcde, Flavours of Physics: Finding ¦Ó  ¡ú  ¦Ì¦Ì¦Ì
https://www.kaggle.com/rakhlin/ultra-fast-grid-knn-model, Facebook V: Predicting Check Ins
https://www.kaggle.com/ranjith49/home-credit-default-risk-python, Home Credit Default Risk
https://www.kaggle.com/rcasellas/ensemble-stacking-with-et-script, Titanic - Machine Learning from Disaster
https://www.kaggle.com/rchitic17/titanic-r-to-python, Titanic - Machine Learning from Disaster
https://www.kaggle.com/reppic/simple-cnn-in-python-99, Digit Recognizer
https://www.kaggle.com/reyhaneh/titanic-s, Titanic - Machine Learning from Disaster
https://www.kaggle.com/riteshsinha/single-xgboost-model-public-lb-481, Recruit Restaurant Visitor Forecasting
https://www.kaggle.com/robdias/predictfy-titanic-survival, Titanic - Machine Learning from Disaster
https://www.kaggle.com/rohitagarwal/attempt-number-1, Titanic - Machine Learning from Disaster
https://www.kaggle.com/rom1m201363/road-grid-and-backpropagated-dijkstra-with-pytorch, New York City Taxi Fare Prediction
https://www.kaggle.com/rspadim/data-exploration, Home Credit Default Risk
https://www.kaggle.com/rtmink/cs-145-project-2c, Liberty Mutual Group: Property Inspection Prediction
https://www.kaggle.com/rtmink/test-101, Liberty Mutual Group: Property Inspection Prediction
https://www.kaggle.com/rtmink/test-1011, Liberty Mutual Group: Property Inspection Prediction
https://www.kaggle.com/sachin13/titanic, Titanic - Machine Learning from Disaster
https://www.kaggle.com/saeedt2977/xgb-two, Sberbank Russian Housing Market
https://www.kaggle.com/safavieh/median-estimation-by-fibonacci-et-al-lb-44-9, Web Traffic Time Series Forecasting
https://www.kaggle.com/saiph74/titanic-predication, Titanic - Machine Learning from Disaster
https://www.kaggle.com/sajal0jain/delme-1, TalkingData Mobile User Demographics
https://www.kaggle.com/sakenk/random-forest, Titanic - Machine Learning from Disaster
https://www.kaggle.com/sakvaua/simple-na-visualization-python-script, BNP Paribas Cardif Claims Management
https://www.kaggle.com/samadhi/preprocessdata, Shelter Animal Outcomes
https://www.kaggle.com/samarthagarwal23/bag-of-apps-keras-11-08-16, TalkingData Mobile User Demographics
https://www.kaggle.com/samhattangady/tensorflow-titanic, Titanic - Machine Learning from Disaster
https://www.kaggle.com/samsonqian/keras-convolutional-neural-network, Digit Recognizer
https://www.kaggle.com/san7911/titanictest, Titanic - Machine Learning from Disaster
https://www.kaggle.com/saurabh2086/whatscooking-new, What's Cooking?
https://www.kaggle.com/saurabhp75/titanicexcercise1, Titanic - Machine Learning from Disaster
https://www.kaggle.com/saurabhrathor/digit-recognizer-2, Digit Recognizer
https://www.kaggle.com/schwery/brandonsroncbriang-a2-script, Titanic - Machine Learning from Disaster
https://www.kaggle.com/scirpus/3-little-models, Santander Customer Satisfaction
https://www.kaggle.com/scirpus/benouilli-naive-bayes, BNP Paribas Cardif Claims Management
https://www.kaggle.com/scirpus/genetic-programming-ii-lb-0-662, Prudential Life Insurance Assessment
https://www.kaggle.com/scirpus/genetic-programming-lb-0-88, Titanic - Machine Learning from Disaster
https://www.kaggle.com/scirpus/gp-lb-0-984930, Predicting Red Hat Business Value
https://www.kaggle.com/scirpus/gp-plus-santander-style-heuristics, Predicting Red Hat Business Value
https://www.kaggle.com/scirpus/naive-bayes-xgb, Allstate Claims Severity
https://www.kaggle.com/scirpus/ordinal-xgb-lb-46190, BNP Paribas Cardif Claims Management
https://www.kaggle.com/scirpus/quick-genetic-programme, Allstate Claims Severity
https://www.kaggle.com/scirpus/santander-46-features, Santander Value Prediction Challenge
https://www.kaggle.com/scirpus/xgb-on-individual-stores, Rossmann Store Sales
https://www.kaggle.com/sdanaipat/prime, Introducing Kaggle Scripts
https://www.kaggle.com/seandot7/mnist-test, Digit Recognizer
https://www.kaggle.com/seantacular/direct-copy, Titanic - Machine Learning from Disaster
https://www.kaggle.com/sergioortiz/titanic-competition-script-1, Titanic - Machine Learning from Disaster
https://www.kaggle.com/sforsyth6/titanic, Titanic - Machine Learning from Disaster
https://www.kaggle.com/shabin/titanic-get-started, Titanic - Machine Learning from Disaster
https://www.kaggle.com/shahnawazakhtar/bag-of-apps-keras-11-08-16, TalkingData Mobile User Demographics
https://www.kaggle.com/shalva/first-submission-for-realz, House Prices - Advanced Regression Techniques
https://www.kaggle.com/shankarpendse/titanicsurvivortraining, Titanic - Machine Learning from Disaster
https://www.kaggle.com/sharma72/titanic-survival-prediction, Titanic - Machine Learning from Disaster
https://www.kaggle.com/shitalsawant/liner-svm-two-variables-py, Titanic - Machine Learning from Disaster
https://www.kaggle.com/shub01iu/stacking-starter, House Prices - Advanced Regression Techniques
https://www.kaggle.com/shyamspr/backward-elimination, Titanic - Machine Learning from Disaster
https://www.kaggle.com/silenove/tensorflow-cnn, Digit Recognizer
https://www.kaggle.com/silpara/h2o-python-starter, Allstate Claims Severity
https://www.kaggle.com/sinanalb/test-titanic, Titanic - Machine Learning from Disaster
https://www.kaggle.com/sjtreadway/titanic-prediction, Titanic - Machine Learning from Disaster
https://www.kaggle.com/smartbao/item-recomm2, Santander Product Recommendation
https://www.kaggle.com/sodanuo/fork-dataquest, Titanic - Machine Learning from Disaster
https://www.kaggle.com/soroushj/tap30-challenge-random-forest-regressor, Tap30 Challenge
https://www.kaggle.com/soutou/new-model-lb-44-6, Web Traffic Time Series Forecasting
https://www.kaggle.com/srinisid/test1, Titanic - Machine Learning from Disaster
https://www.kaggle.com/stacyayaka/cs145, Liberty Mutual Group: Property Inspection Prediction
https://www.kaggle.com/starwar/newbee, Facebook V: Predicting Check Ins
https://www.kaggle.com/steffenritter/test-kernel, Titanic - Machine Learning from Disaster
https://www.kaggle.com/sturdydata/titanic-rf, Titanic - Machine Learning from Disaster
https://www.kaggle.com/sudalairajkumar/rf-multilabel-framework-lb-0-022475, Santander Product Recommendation
https://www.kaggle.com/sundancekid/sctryout, Otto Group Product Classification Challenge
https://www.kaggle.com/sundong/test-sdk, Facebook V: Predicting Check Ins
https://www.kaggle.com/sunfulv1/nmsz1816010, Forest Cover Type (Kernels Only)
https://www.kaggle.com/superoil/test-submit, TalkingData Mobile User Demographics
https://www.kaggle.com/suryavan/knn-and-probability-lookup-script, Facebook V: Predicting Check Ins
https://www.kaggle.com/svpons/grid-knn, Facebook V: Predicting Check Ins
https://www.kaggle.com/svpons/grid-plus-classifier, Facebook V: Predicting Check Ins
https://www.kaggle.com/swadhinnanda/predicting-titanic-survivors-using-nn, Titanic - Machine Learning from Disaster
https://www.kaggle.com/swkim94/test77, Titanic - Machine Learning from Disaster
https://www.kaggle.com/szczepanov/titanic-try-3, Titanic - Machine Learning from Disaster
https://www.kaggle.com/techaware/quora-1, Quora Question Pairs
https://www.kaggle.com/tedspikes/titanic-test, Titanic - Machine Learning from Disaster
https://www.kaggle.com/tflana/simple-keras-feed-fwd-nn, Recruit Restaurant Visitor Forecasting
https://www.kaggle.com/thamagame/titanic-with-learning-curves, Titanic - Machine Learning from Disaster
https://www.kaggle.com/thawatt/sparse-nn-10-fold-cv, TalkingData Mobile User Demographics
https://www.kaggle.com/thebear19/house-prices-with-ridge-and-xgboost, House Prices - Advanced Regression Techniques
https://www.kaggle.com/thedarkl0rd/bag-of-apps-keras, TalkingData Mobile User Demographics
https://www.kaggle.com/themachine/the-machine-ii, Liberty Mutual Group: Property Inspection Prediction
https://www.kaggle.com/themachine/themachine-iii, Liberty Mutual Group: Property Inspection Prediction
https://www.kaggle.com/tiggi74/myfirstml, Titanic - Machine Learning from Disaster
https://www.kaggle.com/tilii7/ensemble-weights-minimization-vs-mcmc, Allstate Claims Severity
https://www.kaggle.com/tilii7/you-want-outliers-we-got-them-outliers, Mercedes-Benz Greener Manufacturing
https://www.kaggle.com/timur008/newscript, Titanic - Machine Learning from Disaster
https://www.kaggle.com/titericz/clubbing-2-benchmarks-4, Crowdflower Search Results Relevance
https://www.kaggle.com/titericz/clubbing-2-benchmarks-5, Crowdflower Search Results Relevance
https://www.kaggle.com/tmjiang/vanilla-bi-class-gbt, Coupon Purchase Prediction
https://www.kaggle.com/toadtoadtoad/newwwww, Titanic - Machine Learning from Disaster
https://www.kaggle.com/toadtoadtoad/original-teammate, Titanic - Machine Learning from Disaster
https://www.kaggle.com/tobikaggle/humble-lightgbm-starter-pca-loop-average, Mercedes-Benz Greener Manufacturing
https://www.kaggle.com/tobikaggle/stacked-then-averaged-models-0-5697, Mercedes-Benz Greener Manufacturing
https://www.kaggle.com/tokestermw/deep-bow-baseline, Toxic Comment Classification Challenge
https://www.kaggle.com/tommyttf/try-to-learn, Digit Recognizer
https://www.kaggle.com/tranquangan/my-first-experiment-with-kaggle, Titanic - Machine Learning from Disaster
https://www.kaggle.com/triskelion/an-unusual-informative-feature, Quora Question Pairs
https://www.kaggle.com/triskelion/kappa-intuition, Crowdflower Search Results Relevance
https://www.kaggle.com/tsetsenos/firstpyscript, BNP Paribas Cardif Claims Management
https://www.kaggle.com/tunguz/7-weeks-median-gzipped-output, Web Traffic Time Series Forecasting
https://www.kaggle.com/tunguz/pca-svm1, Digit Recognizer
https://www.kaggle.com/tunguz/script-competition-facebook-v-2-2, Facebook V: Predicting Check Ins
https://www.kaggle.com/tunguz/stacking-starter, House Prices - Advanced Regression Techniques
https://www.kaggle.com/tunguz/xgb-10fold-classifier-upsampling, Porto Seguro¡¯s Safe Driver Prediction
https://www.kaggle.com/tunguz/xgb-10fold-upsampling-no-stratification, Porto Seguro¡¯s Safe Driver Prediction
https://www.kaggle.com/tunguz/xgb-20fold-classifier-upsampling, Porto Seguro¡¯s Safe Driver Prediction
https://www.kaggle.com/tunguz/xgb-20fold-upsampling-no-stratification, Porto Seguro¡¯s Safe Driver Prediction
https://www.kaggle.com/tunguz/xgb-25fold-classifier-upsampling, Porto Seguro¡¯s Safe Driver Prediction
https://www.kaggle.com/tunguz/xgb-5fold-upsampling-no-stratification, Porto Seguro¡¯s Safe Driver Prediction
https://www.kaggle.com/tuomastik/pca-visualization, Santander Customer Satisfaction
https://www.kaggle.com/tuomastik/unique-feature-values-visualization, Santander Customer Satisfaction
https://www.kaggle.com/uj2295/xgboost-for-compset, Expedia Hotel Recommendations
https://www.kaggle.com/unlikelybutpossible/logistic, Titanic - Machine Learning from Disaster
https://www.kaggle.com/unlikelybutpossible/scratch1, Titanic - Machine Learning from Disaster
https://www.kaggle.com/usersumit/first-kaggle-script-titanic, Titanic - Machine Learning from Disaster
https://www.kaggle.com/utsavpatel/titanic-test, Titanic - Machine Learning from Disaster
https://www.kaggle.com/v81msk/test1, Sberbank Russian Housing Market
https://www.kaggle.com/valadi/mad-scripts-battle-z, Facebook V: Predicting Check Ins
https://www.kaggle.com/valadi/magic-numbers-new-change, Sberbank Russian Housing Market
https://www.kaggle.com/valadi/magic-numbers-try-different, Sberbank Russian Housing Market
https://www.kaggle.com/valadi/scirpus-extreme-bayes-faron-jaya, Bosch Production Line Performance
https://www.kaggle.com/vascovv/positive-traps-per-week, West Nile Virus Prediction
https://www.kaggle.com/vecxoz/test1, Allstate Claims Severity
https://www.kaggle.com/vecxoz/vecstack-demo, Allstate Claims Severity
https://www.kaggle.com/verdecal/epic-titanic-disaster, Titanic - Machine Learning from Disaster
https://www.kaggle.com/vgediger/try1def, Rossmann Store Sales
https://www.kaggle.com/vgerald/predict-claims-severity-v2, Allstate Claims Severity
https://www.kaggle.com/vicbap/titanic, Titanic - Machine Learning from Disaster
https://www.kaggle.com/vigneshinfy/dummy, TalkingData Mobile User Demographics
https://www.kaggle.com/vinhnguyen/evolutionary-algorithms-for-param-tuning, Rossmann Store Sales
https://www.kaggle.com/violinbeats/knn-test-run, Facebook V: Predicting Check Ins
https://www.kaggle.com/vishallakha/chicken-momos-plate-number-2, TalkingData Mobile User Demographics
https://www.kaggle.com/vishreddy/mnist-baseline-with-mlpclassifier, Digit Recognizer
https://www.kaggle.com/vishreddy/predicting-cuisine, What's Cooking? (Kernels Only)
https://www.kaggle.com/wawanco/data-ownership-numeric-features, Springleaf Marketing Response
https://www.kaggle.com/wayne999/a-simple-genetic-programming, Titanic - Machine Learning from Disaster
https://www.kaggle.com/weishyi/titanic, Titanic - Machine Learning from Disaster
https://www.kaggle.com/weizizeng/house-price, House Prices - Advanced Regression Techniques
https://www.kaggle.com/whalejasmine/rf-1st, Titanic - Machine Learning from Disaster
https://www.kaggle.com/willjashford/minst-willjashford, Digit Recognizer
https://www.kaggle.com/wirehack/fdsfsdfdsfsdfsdf, House Prices - Advanced Regression Techniques
https://www.kaggle.com/wirehack/fsdfsdfsd, House Prices - Advanced Regression Techniques
https://www.kaggle.com/wonjohnchoi/pca-svm, Digit Recognizer
https://www.kaggle.com/wrosinski/boosted-python-xgb-starter-0-0223532-lb, Santander Product Recommendation
https://www.kaggle.com/wtichen/first-try, Rossmann Store Sales
https://www.kaggle.com/xavierekkel/my-titanic-solution-using-random-forest, Titanic - Machine Learning from Disaster
https://www.kaggle.com/xcz011/mercedez, Mercedes-Benz Greener Manufacturing
https://www.kaggle.com/xiaoml/bag-of-app-id-python-2-27392, TalkingData Mobile User Demographics
https://www.kaggle.com/xiziling/deal-with, Shelter Animal Outcomes
https://www.kaggle.com/xshipx/linear-model, House Prices - Advanced Regression Techniques
https://www.kaggle.com/yakolle/porto-lgb-prune-ensemble, Porto Seguro¡¯s Safe Driver Prediction
https://www.kaggle.com/yangnanhai/testtest, Prudential Life Insurance Assessment
https://www.kaggle.com/yashduvvuru/pytanic, Titanic - Machine Learning from Disaster
https://www.kaggle.com/yashpatel5400/particle-feature-importance, Flavours of Physics: Finding ¦Ó  ¡ú  ¦Ì¦Ì¦Ì
https://www.kaggle.com/yaxelperez/logistic-regression-thing, Titanic - Machine Learning from Disaster
https://www.kaggle.com/ybping/digits-recognizer, Digit Recognizer
https://www.kaggle.com/yeewii/firstscratchinpy, Titanic - Machine Learning from Disaster
https://www.kaggle.com/yekenot/toxic-regression, Toxic Comment Classification Challenge
https://www.kaggle.com/yhzjut/leyutestrun, Titanic - Machine Learning from Disaster
https://www.kaggle.com/yifanxie/training-set-split-for-cross-validation, Machinery Tube Pricing
https://www.kaggle.com/yipcma/catboost-on-a-boat-with-useful-tricks, Titanic - Machine Learning from Disaster
https://www.kaggle.com/ymatioun/hoh-only-scaled, Costa Rican Household Poverty Level Prediction
https://www.kaggle.com/ymatioun/lightgbm-v1, What's Cooking? (Kernels Only)
https://www.kaggle.com/yoshoku/gacrp-v2-starter-kit, Google Analytics Customer Revenue Prediction
https://www.kaggle.com/youngseoklee/digit-recognizer-with-machine-learning, Digit Recognizer
https://www.kaggle.com/youngseoklee/house-price-prediction-with-numeric-only-dataset, House Prices - Advanced Regression Techniques
https://www.kaggle.com/ypcfirst/titanic-model-using-logistic-regression, Titanic - Machine Learning from Disaster
https://www.kaggle.com/ypscut/test1-1, Titanic - Machine Learning from Disaster
https://www.kaggle.com/ypscut/test-3, Titanic - Machine Learning from Disaster
https://www.kaggle.com/yuhaichina/extratreesclassifier-score-0-45911, BNP Paribas Cardif Claims Management
https://www.kaggle.com/yuyimiao/miaoster, Sberbank Russian Housing Market
https://www.kaggle.com/zahraatashgahy/submit2, House Prices - Advanced Regression Techniques
https://www.kaggle.com/zahraatashgahy/titanic-sol1, Titanic - Machine Learning from Disaster
https://www.kaggle.com/zaverichintan/titanic-predictions, Titanic - Machine Learning from Disaster
https://www.kaggle.com/zengqing/helloworld, Titanic - Machine Learning from Disaster
https://www.kaggle.com/zeroblue/knn-accelerated-v3, Facebook V: Predicting Check Ins
https://www.kaggle.com/zeroblue/modified-grid-knn-17-alex2, Facebook V: Predicting Check Ins
https://www.kaggle.com/zeroblue/modified-grid-knn-17-z, Facebook V: Predicting Check Ins
https://www.kaggle.com/zeroblue/testing-knn, Facebook V: Predicting Check Ins
https://www.kaggle.com/zeroblue/xgb-boost-with-event-data, TalkingData Mobile User Demographics
https://www.kaggle.com/zeroblue/xgboost-with-optimized-offsets, Prudential Life Insurance Assessment
https://www.kaggle.com/zeta2191622/how-to-get-a-score-of-0-894-in-two-minutes, Santa Gift Matching Challenge
https://www.kaggle.com/zfturbo/greedy-children-baseline-v2-0-7455, Santa Gift Matching Challenge
https://www.kaggle.com/zgo2016/titanic-logistic-regression, Titanic - Machine Learning from Disaster
https://www.kaggle.com/zhangxige/test1, Titanic - Machine Learning from Disaster
https://www.kaggle.com/zhanli/events-only, TalkingData Mobile User Demographics
https://www.kaggle.com/zhanli/keras-on-labels-and-brands, TalkingData Mobile User Demographics
https://www.kaggle.com/zhanli/without-events, TalkingData Mobile User Demographics
https://www.kaggle.com/zheng11/phone-only, TalkingData Mobile User Demographics
https://www.kaggle.com/zhixing629/updated-0-792-lb-4extfeatures, Home Credit Default Risk
https://www.kaggle.com/zhoulaiqing/feature-starter, TalkingData Mobile User Demographics
https://www.kaggle.com/zhuoliliang/zhuolititanicanalysis, Titanic - Machine Learning from Disaster
https://www.kaggle.com/zstuwangrui/start-up, Grupo Bimbo Inventory Demand
https://www.kaggle.com/zusmani/baseline-optimal-mask, Carvana Image Masking Challenge
https://www.kaggle.com/zygmunt/predict-sales-with-pandas-py, Rossmann Store Sales
